level,target,feature,category,n,pearson_r,p_raw,ci_lo,ci_hi,q_fdr
NORM,LANGUAGE_ST_NORM_VCI,BASIC_Q_BFI_Agreeableness,Q,425,-0.014113259737168262,0.7717322001533233,-0.10908964534319177,0.08111847900439503,0.8367201749030769
NORM,LANGUAGE_ST_NORM_VCI,BASIC_Q_BFI_Conscientiousness,Q,425,0.07136668938211056,0.14188642949971056,-0.023918521667950558,0.16536691692270164,0.20583524279535476
NORM,LANGUAGE_ST_NORM_VCI,BASIC_Q_BFI_EmotionalStability,Q,425,0.17148714491117906,0.0003834392186538676,0.07763064495992426,0.2623307531865364,0.0007451743305914785
NORM,LANGUAGE_ST_NORM_VCI,BASIC_Q_BFI_Extraversion,Q,423,-0.0011833412264900564,0.9806406512562871,-0.09652013075042369,0.09417496420386424,0.9957569816596011
NORM,LANGUAGE_ST_NORM_VCI,BASIC_Q_BFI_Intellect,Q,425,-0.12337186628679032,0.010908472088095216,-0.21596030572830638,-0.02858448122646538,0.01904360381481029
NORM,LANGUAGE_ST_NORM_VCI,BASIC_Q_Beck_Anxiety,Q,425,-0.04396881736870299,0.36588505326146337,-0.13851233574380795,0.051368867495349795,0.4486447676896515
NORM,LANGUAGE_ST_NORM_VCI,BASIC_Q_Beck_Depression,Q,425,-0.046294574842213915,0.3410529491429103,-0.14079738715075274,0.04904423758647724,0.4232343826713224
NORM,LANGUAGE_ST_NORM_VCI,BASIC_Q_CogFailure_Sum,Q,425,-0.04154378134163551,0.3929424008523916,-0.1361286709080323,0.05379162811594715,0.4740425726268814
NORM,LANGUAGE_ST_NORM_VCI,BASIC_Q_EHI_Sum,Q,425,0.06501657838896537,0.18095532807717998,-0.03029361204152624,0.15915511154951695,0.258866649888188
NORM,LANGUAGE_ST_NORM_VCI,BASIC_Q_IPAQ_MET,Q,425,0.10246525794403966,0.034710895627577475,0.007414689611999572,0.19568083641260234,0.05417003408546182
NORM,LANGUAGE_ST_NORM_VCI,BASIC_Q_MOCA_SUM,Q,427,-0.2126354976317021,9.34509910432261e-06,-0.3014520693618065,-0.12016064272885289,2.1389893505449528e-05
NORM,LANGUAGE_ST_NORM_VCI,BASIC_Q_MSPSS_Sum,Q,425,-0.02262709792642171,0.6418202449420087,-0.1174970404548248,0.07265211284786306,0.7185596220546403
NORM,LANGUAGE_ST_NORM_VCI,BASIC_Q_PSQI_DaytimeDysfunc,Q,425,-0.1180158900262589,0.0149203382849226,-0.2107725932801358,-0.023152967662685705,0.024787013602371417
NORM,LANGUAGE_ST_NORM_VCI,BASIC_Q_PSQI_SleepDisturbance,Q,425,0.052551436980209885,0.2797273869361157,-0.04278527758001564,0.14693974615896324,0.3693836006976912
NORM,LANGUAGE_ST_NORM_VCI,BASIC_Q_PSQI_SleepDuration,Q,425,-0.05583420822348543,0.2507383706660747,-0.15015953240605237,0.03949840983566611,0.3443473623814092
NORM,LANGUAGE_ST_NORM_VCI,BASIC_Q_PSQI_SleepEfficiency,Q,425,0.005794510357803139,0.9051913210540197,-0.08937759142652534,0.10086175406621682,0.9611825367893199
NORM,LANGUAGE_ST_NORM_VCI,BASIC_Q_PSQI_SleepLatency,Q,425,-0.05314241635516154,0.27434773182336186,-0.14751953436008702,0.042193713013753374,0.36698462828319833
NORM,LANGUAGE_ST_NORM_VCI,BASIC_Q_PSQI_SleepMedication,Q,425,0.09636242938237051,0.04710733621788888,0.0012510592002343735,0.18974600443021244,0.07241874075287395
NORM,LANGUAGE_ST_NORM_VCI,BASIC_Q_PSQI_SleepQuality,Q,423,-0.10903311670900152,0.024926884451873556,-0.20227790432990653,-0.013829206113824905,0.03949952459296887
NORM,LANGUAGE_ST_NORM_VCI,BASIC_Q_PSQI_Sum,Q,425,-0.05392461227310166,0.26733637605748695,-0.1482868183776907,0.04141063976157466,0.36231114123580466
NORM,LANGUAGE_ST_NORM_VCI,BASIC_Q_SF36_EmotionalLimit,Q,425,0.050080323226749095,0.3029921335925709,-0.04525811431006881,0.1445147242439644,0.390102372000435
NORM,LANGUAGE_ST_NORM_VCI,BASIC_Q_SF36_EmotionalWell,Q,425,0.17432140448520192,0.0003052213527996329,0.08053397686913123,0.26504921033988005,0.0006045730641992728
NORM,LANGUAGE_ST_NORM_VCI,BASIC_Q_SF36_Energy,Q,425,0.23481446184811897,9.821759247424553e-07,0.14288309200684265,0.3227287596593405,2.6622136907492866e-06
NORM,LANGUAGE_ST_NORM_VCI,BASIC_Q_SF36_GeneralHealth,Q,425,0.041293460321162184,0.3958025363680757,-0.05404165036591902,0.13588255800027668,0.4740425726268814
NORM,LANGUAGE_ST_NORM_VCI,BASIC_Q_SF36_Mental,Q,425,0.15960766188389225,0.0009603343074590507,0.06547894738914944,0.2509209342482252,0.0017984442485142222
NORM,LANGUAGE_ST_NORM_VCI,BASIC_Q_SF36_Pain,Q,425,0.024253354407582244,0.6180636792762914,-0.07103336068341633,0.11910141945418083,0.699566582038
NORM,LANGUAGE_ST_NORM_VCI,BASIC_Q_SF36_Physical,Q,425,0.003956581830862448,0.9351818115544397,-0.09120058026302125,0.09904214392738171,0.982895169286809
NORM,LANGUAGE_ST_NORM_VCI,BASIC_Q_SF36_PhysicalFunct,Q,424,-0.10982019568027729,0.02372802230239427,-0.2029328350552028,-0.014739290288839118,0.03818728589291578
NORM,LANGUAGE_ST_NORM_VCI,BASIC_Q_SF36_PhysicalLimit,Q,425,0.00863674455940976,0.859092124894402,-0.08655720438048788,0.10367440840371349,0.9217342590012855
NORM,LANGUAGE_ST_NORM_VCI,BASIC_Q_SF36_SocialFunc,Q,425,0.05204544352425625,0.2843898312526003,-0.043291718959495316,0.14644328298365478,0.3707867420128839
NORM,LANGUAGE_ST_NORM_VCI,LANGUAGE_ST_RAW_SIMILARITY,ST,427,-0.35229450743111856,6.368887217277901e-14,-0.4327269007042228,-0.2662979619582103,4.3733025702710303e-13
NORM,LANGUAGE_ST_NORM_VCI,LANGUAGE_ST_RAW_VOCABULARY,ST,427,-0.21165806742327234,1.0291816424986754e-05,-0.300521296897611,-0.11915180287264411,2.2084522760010695e-05
NORM,LANGUAGE_ST_NORM_VCI,LANGUAGE_ST_RAW_INFORMATION,ST,427,-0.22713480639442085,2.117569595427624e-06,-0.3152394007276053,-0.1351483499182601,5.452741713677071e-06
NORM,LANGUAGE_ST_NORM_VCI,LANGUAGE_ST_RAW_SUM,ST,427,-0.2899475043387233,1.02446722065158e-09,-0.37454124518881243,-0.20056669793266546,3.6386249561073358e-09
NORM,LANGUAGE_ST_NORM_VCI,LANGUAGE_ST_SCALED_SIMILARITY,ST,427,-0.35229450741215107,6.368887238258783e-14,-0.4327269006866227,-0.26629796193809085,4.3733025702710303e-13
NORM,LANGUAGE_ST_NORM_VCI,LANGUAGE_ST_SCALED_VOCABULARY,ST,427,-0.21165806741650225,1.0291816431849644e-05,-0.30052129689116347,-0.11915180286565713,2.2084522760010695e-05
NORM,LANGUAGE_ST_NORM_VCI,LANGUAGE_ST_SCALED_INFORMATION,ST,427,-0.2271348063849769,2.1175695975444935e-06,-0.3152394007186372,-0.13514834990848434,5.452741713677071e-06
NORM,LANGUAGE_ST_NORM_VCI,LANGUAGE_ST_SCALED_SUM,ST,427,-0.29659607196820886,4.04919313426153e-10,-0.3807779537647145,-0.20753803345322372,1.6041034339574523e-09
NORM,LANGUAGE_ST_NORM_VCI,LANGUAGE_ST_NORM_SIMILARITY,ST,427,-0.11867526593890268,0.014135883415227498,-0.21119630283524096,-0.024046504453432264,0.02386878675030217
NORM,LANGUAGE_ST_NORM_VCI,LANGUAGE_ST_NORM_VOCABULARY,ST,427,-0.047621629763470015,0.32623544776977564,-0.1418800141177094,0.047492580972287944,0.40978355024740115
NORM,LANGUAGE_ST_NORM_VCI,LANGUAGE_ST_NORM_INFORMATION,ST,427,0.003313164390663161,0.9455765518370903,-0.0916152198903923,0.0981818730673339,0.9837816650426294
NORM,LANGUAGE_ST_NORM_VCI,LANGUAGE_ST_NORM_PR,ST,427,-0.018909658425350535,0.6968041072429045,-0.11360537028855427,0.07612653086730653,0.7635193941065868
NORM,LANGUAGE_ST_NORM_VCI,MEMORY_ST_NORM_ImmMem,ST,425,-0.0020696953879453636,0.9660664354652635,-0.09717340207111884,0.09307146581038592,0.9950484285292214
NORM,LANGUAGE_ST_NORM_VCI,MEMORY_ST_SCALED_AudImm,ST,425,-0.39930189871223076,1.0667100679281928e-17,-0.47633233413604925,-0.3161887737174719,2.1974227399320772e-16
NORM,LANGUAGE_ST_NORM_VCI,MEMORY_ST_SCALED_VisImm,ST,425,-0.3695197824876556,3.3833672161408425e-15,-0.44886511453894395,-0.28439330407680874,3.872075814027853e-14
NORM,LANGUAGE_ST_NORM_VCI,MEMORY_ST_SCALED_ImmMem,ST,425,-0.4286562378116367,2.0091553269309084e-20,-0.5032587030529652,-0.3477113287324531,1.0347149933694178e-18
NORM,LANGUAGE_ST_NORM_VCI,MEMORY_ST_SCALED_WorMem,ST,425,-0.3018572404644243,2.1057761923556497e-10,-0.3858995449303233,-0.21284595886091615,8.675797912505277e-10
NORM,LANGUAGE_ST_NORM_VCI,MEMORY_ST_RAW_AudImm,ST,425,-0.39985842336690175,9.524549961514734e-18,-0.47684417442498783,-0.3167847034224415,2.1974227399320772e-16
NORM,LANGUAGE_ST_NORM_VCI,MEMORY_ST_RAW_VisImm,ST,425,-0.38371290880181064,2.3395027119766804e-16,-0.4619737683106987,-0.29952260443148343,3.442411133337115e-15
NORM,LANGUAGE_ST_NORM_VCI,MEMORY_ST_RAW_ImmMem,ST,425,-0.43434901417805616,5.532248362558923e-21,-0.5084638977836589,-0.3538458524330913,5.698215813435691e-19
NORM,LANGUAGE_ST_NORM_VCI,MEMORY_ST_RAW_WorMem,ST,425,-0.3115343189900015,5.110613942546173e-11,-0.3949531051527994,-0.22302047641195588,2.3926965276466176e-10
NORM,LANGUAGE_ST_NORM_VCI,MEMORY_ST_RAW_LogMemI,ST,425,-0.34663564105550626,1.9196693022540707e-13,-0.42765734766787866,-0.26008869911969285,1.1630937547582694e-12
NORM,LANGUAGE_ST_NORM_VCI,MEMORY_ST_RAW_FacI,ST,425,-0.3450220514087048,2.52126257984926e-13,-0.4261585873457519,-0.2583790798501122,1.3667897163080551e-12
NORM,LANGUAGE_ST_NORM_VCI,MEMORY_ST_RAW_VerPairI,ST,425,-0.35558277523140874,4.1141999394825566e-14,-0.43595969369421983,-0.2695781607045084,3.259712259743872e-13
NORM,LANGUAGE_ST_NORM_VCI,MEMORY_ST_RAW_FamPicI,ST,425,-0.3311035514444947,2.4821139424203507e-12,-0.413212064704407,-0.24365474399735343,1.2174177908061721e-11
NORM,LANGUAGE_ST_NORM_VCI,MEMORY_ST_RAW_LetNumSeq,ST,425,-0.24286058383674333,4.0196235210434656e-07,-0.3303517710827958,-0.15123143233940875,1.1629721475534661e-06
NORM,LANGUAGE_ST_NORM_VCI,MEMORY_ST_RAW_SpaForward,ST,425,-0.22595993801104236,2.5317025228899846e-06,-0.314326654185847,-0.13371107961398251,6.2086990442302e-06
NORM,LANGUAGE_ST_NORM_VCI,MEMORY_ST_RAW_SpaBackward,ST,425,-0.224981630571025,2.804427496763187e-06,-0.3133974828832364,-0.13269866247483633,6.564909821968369e-06
NORM,LANGUAGE_ST_NORM_VCI,MEMORY_ST_RAW_SpaTotal,ST,425,-0.2926245163941007,7.749734067286579e-10,-0.3772465917273284,-0.20315659832643734,2.8507950318947057e-09
NORM,LANGUAGE_ST_NORM_VCI,MEMORY_ST_SCALED_LogMemI,ST,425,-0.3466356410502306,1.9196693039699593e-13,-0.42765734766297914,-0.2600886991141024,1.1630937547582694e-12
NORM,LANGUAGE_ST_NORM_VCI,MEMORY_ST_SCALED_FacI,ST,425,-0.34502205140015435,2.5212625834808785e-13,-0.4261585873378088,-0.25837907984105435,1.3667897163080551e-12
NORM,LANGUAGE_ST_NORM_VCI,MEMORY_ST_SCALED_VerPairI,ST,425,-0.3555827752314088,4.114199939482397e-14,-0.43595969369421994,-0.2695781607045084,3.259712259743872e-13
NORM,LANGUAGE_ST_NORM_VCI,MEMORY_ST_SCALED_FamPicI,ST,425,-0.3311035514444947,2.4821139424203507e-12,-0.413212064704407,-0.24365474399735343,1.2174177908061721e-11
NORM,LANGUAGE_ST_NORM_VCI,MEMORY_ST_SCALED_LetNumSeq,ST,425,-0.2428605838432546,4.019623518085773e-07,-0.33035177108896,-0.1512314323461699,1.1629721475534661e-06
NORM,LANGUAGE_ST_NORM_VCI,MEMORY_ST_SCALED_SpaForward,ST,425,-0.22595993801104236,2.5317025228899846e-06,-0.314326654185847,-0.13371107961398251,6.2086990442302e-06
NORM,LANGUAGE_ST_NORM_VCI,MEMORY_ST_SCALED_SpaBackward,ST,425,-0.22498163057102502,2.804427496763187e-06,-0.31339748288323643,-0.1326986624748364,6.564909821968369e-06
NORM,LANGUAGE_ST_NORM_VCI,MEMORY_ST_SCALED_SpaTotal,ST,425,-0.2926245163941007,7.749734067286579e-10,-0.3772465917273284,-0.20315659832643734,2.8507950318947057e-09
NORM,LANGUAGE_ST_NORM_VCI,MOTOR_ST_RAW_BPrestHigh,ST,423,0.2613011417308663,4.944429061564827e-08,0.17019374683980493,0.3479791107140104,1.5432611919429613e-07
NORM,LANGUAGE_ST_NORM_VCI,MOTOR_ST_RAW_BPrestLow,ST,423,0.11642521734081002,0.016594116760193435,0.021314143187670467,0.20944784293373533,0.027130063909522602
NORM,LANGUAGE_ST_NORM_VCI,MOTOR_ST_RAW_HRrest,ST,423,-0.0002593305813312452,0.9957569816596012,-0.09560464638477902,0.09509070046381135,0.9957569816596011
NORM,LANGUAGE_ST_NORM_VCI,MOTOR_ST_RAW_HEIGHT,ST,423,-0.048606976908545874,0.3186046844200716,-0.14329056760010092,0.046958334203126256,0.4051392900650293
NORM,LANGUAGE_ST_NORM_VCI,MOTOR_ST_RAW_WEIGHT,ST,423,0.0005391075394834815,0.9911795690158903,-0.09481344590153468,0.09588185873592085,0.9957569816596011
NORM,LANGUAGE_ST_NORM_VCI,MOTOR_ST_RAW_BMI,ST,423,0.028365111946505827,0.5607182425155467,-0.06716421665352743,0.12337910705565654,0.6489211121247338
NORM,LANGUAGE_ST_NORM_VCI,MOTOR_ST_RAW_WHR,ST,423,0.277498749662852,6.44388629844337e-09,0.18710156434073147,0.363235628111934,2.141033189482797e-08
NORM,LANGUAGE_ST_NORM_VCI,MOTOR_ST_RAW_AerobicRating,ST,411,0.21123199578743518,1.573695841927708e-05,0.116889305944412,0.3017965329497086,3.3079728922153864e-05
NORM,LANGUAGE_ST_NORM_VCI,MOTOR_ST_RAW_FunctionalReaching,ST,423,-0.1863730308854916,0.00011543752600096312,-0.2768018759835014,-0.09267215721784638,0.00023313853290390593
NORM,LANGUAGE_ST_NORM_VCI,MOTOR_ST_RAW_WorseLegEyeOpen,ST,422,-0.19301263492344473,6.584633975303539e-05,-0.28325433969981034,-0.09938307988033938,0.00013564345989125292
NORM,LANGUAGE_ST_NORM_VCI,MOTOR_ST_RAW_BestLegEyeOpen,ST,422,-0.09090522535616412,0.06207512133495112,-0.1847625788646973,0.00459535289422185,0.09402555143382302
NORM,LANGUAGE_ST_NORM_VCI,MOTOR_ST_RAW_WorseLegEyeClose,ST,413,-0.24081454023118587,7.339371585458902e-07,-0.32965052207872975,-0.14775164435339377,2.0431223602763968e-06
NORM,LANGUAGE_ST_NORM_VCI,MOTOR_ST_RAW_BestLegEyeClose,ST,413,-0.30753621759007976,1.698840881505963e-10,-0.3923879755186901,-0.21749429574952442,7.290858783129758e-10
NORM,LANGUAGE_ST_NORM_VCI,MOTOR_ST_RAW_PegboardDominant,ST,423,-0.2131002299140589,9.836564530678408e-06,-0.3023054817572409,-0.12019474049016302,2.2025351014345133e-05
NORM,LANGUAGE_ST_NORM_VCI,MOTOR_ST_RAW_PegboardNondominant,ST,423,-0.24332098512478945,4.064757020575221e-07,-0.33098967421776204,-0.1514878370068976,1.1629721475534661e-06
NORM,LANGUAGE_ST_NORM_VCI,MOTOR_ST_RAW_PegboardBoth,ST,423,-0.2705512563110906,1.5699970383606507e-08,-0.3566974145799437,-0.17984288165879894,5.0534279672233445e-08
NORM,LANGUAGE_ST_NORM_VCI,MOTOR_ST_RAW_PegboardSum,ST,423,-0.2819174095797097,3.6099081527132854e-09,-0.36738959427968226,-0.19172328445149178,1.239401799098228e-08
NORM,LANGUAGE_ST_NORM_VCI,MOTOR_ST_RAW_PegboardAssemble,ST,423,-0.37624216503899544,1.1329065531461608e-15,-0.45525800233910974,-0.2913461851268262,1.4586171871756822e-14
NORM,LANGUAGE_ST_NORM_VCI,MOTOR_ST_RAW_SymbolSearch,ST,423,-0.35810216439335524,3.038554083097531e-14,-0.4384783471863395,-0.27204318436670294,2.845191550536779e-13
NORM,LANGUAGE_ST_NORM_VCI,MOTOR_ST_RAW_SymbolCoding,ST,423,-0.39766752966810587,1.7691657285116876e-17,-0.47500461329408644,-0.31423458076361777,3.0370678339450634e-16
NORM,LANGUAGE_ST_NORM_VCI,MOTOR_ST_RAW_GripMvcL,ST,423,0.0765928798557093,0.11573436521952218,-0.018892772962845885,0.17069398938702,0.17029485168015407
NORM,LANGUAGE_ST_NORM_VCI,MOTOR_ST_RAW_GripMvcR,ST,423,0.04023316382578632,0.40916742683540464,-0.05532675707321334,0.13506272424440652,0.4844166087821457
NORM,LANGUAGE_ST_NORM_VCI,MOTOR_ST_NORM_BMI,ST,422,-0.05766341222945875,0.23719426862431614,-0.15228584149809438,0.03800649829579064,0.330148779301413
NORM,LANGUAGE_ST_NORM_VCI,MOTOR_ST_NORM_WHR,ST,422,-0.1319184779118275,0.006651931533589362,-0.22455139572934768,-0.036922746835517724,0.01181291289585697
NORM,LANGUAGE_ST_NORM_VCI,MOTOR_ST_NORM_AerobicRating,ST,411,0.14591695243093386,0.0030261428356349383,0.04989008281153346,0.23927077036732286,0.005565941286971405
NORM,LANGUAGE_ST_NORM_VCI,MOTOR_ST_NORM_FunctionalReaching,ST,422,-0.0213337485492487,0.6621103950018378,-0.11655707637854958,0.07427822196373532,0.7333050611310675
NORM,LANGUAGE_ST_NORM_VCI,MOTOR_ST_NORM_BestLegEyeClose,ST,413,0.16224522487596094,0.0009357283429660485,0.06679466013308362,0.25475310008228763,0.0017848151726945
NORM,LANGUAGE_ST_NORM_VCI,MOTOR_ST_NORM_PegboardDominant,ST,422,-0.02730277327110259,0.5759490366521558,-0.12244434180340417,0.06833603414067585,0.6591416752796894
NORM,LANGUAGE_ST_NORM_VCI,MOTOR_ST_NORM_PegboardNondominant,ST,422,-0.034559878695323315,0.4789099677898235,-0.12959303732650443,0.0611024052200552,0.5605423486630888
NORM,LANGUAGE_ST_NORM_VCI,MOTOR_ST_NORM_PegboardSum,ST,422,-0.07985272688500956,0.10139314320807602,-0.17398715840098097,0.01572786377706953,0.15135498189031638
NORM,LANGUAGE_ST_NORM_VCI,MOTOR_ST_NORM_PegboardBoth,ST,422,-0.05809026457145975,0.23373465650780095,-0.15270416878801907,0.0375788230246229,0.3297899947986781
NORM,LANGUAGE_ST_NORM_VCI,MOTOR_ST_NORM_PegboardAssemble,ST,422,-0.1355899481481001,0.0052706602402427475,-0.2280982561130889,-0.040655472373042144,0.009524175521842159
NORM,LANGUAGE_ST_NORM_VCI,MOTOR_ST_NORM_WaisSpeed,ST,422,0.12230268286904374,0.011923055096061924,0.027159067344097995,0.21525031432139166,0.02046791124823964
NORM,LANGUAGE_ST_NORM_VCI,MOTOR_ST_SCALED_FineMotor,ST,423,-0.3697238707445005,3.783569687837728e-15,-0.449234978350309,-0.28440202006179194,3.89707677847286e-14
NORM,LANGUAGE_ST_NORM_VCI,MOTOR_ST_SCALED_Balance,ST,413,-0.3089822592338024,1.3813041731740651e-10,-0.3937389830911919,-0.21901605837906757,6.185840427692553e-10
NORM,LANGUAGE_ST_NORM_VCI,MOTOR_ST_SCALED_ProcessingSpeed,ST,423,-0.40174837886592657,7.735923764445486e-18,-0.4787569040257446,-0.3186051151923579,2.1974227399320772e-16
NORM,MEMORY_ST_NORM_AudImm,BASIC_Q_BFI_Agreeableness,Q,425,0.0714593008338542,0.1413686969687259,-0.023825488541120706,0.16545745614815777,0.22751524668404324
NORM,MEMORY_ST_NORM_AudImm,BASIC_Q_BFI_Conscientiousness,Q,425,0.09128026444225447,0.06008416966870331,-0.0038762299594044783,0.18479852653965467,0.12134646031130275
NORM,MEMORY_ST_NORM_AudImm,BASIC_Q_BFI_EmotionalStability,Q,425,0.03323361845528631,0.49441757935744346,-0.06208548864154028,0.12795196469366113,0.6287038354792183
NORM,MEMORY_ST_NORM_AudImm,BASIC_Q_BFI_Extraversion,Q,423,-0.0071448165198728835,0.8835154649975384,-0.10242272167149069,0.0882629916870099,0.8887480068410464
NORM,MEMORY_ST_NORM_AudImm,BASIC_Q_BFI_Intellect,Q,425,-0.11846121066271331,0.014543247443860536,-0.2112041229211013,-0.023604355465823658,0.03840908940301629
NORM,MEMORY_ST_NORM_AudImm,BASIC_Q_Beck_Anxiety,Q,425,0.027382652437702413,0.5734683575559442,-0.06791708999211613,0.12218722718611609,0.6870951204240705
NORM,MEMORY_ST_NORM_AudImm,BASIC_Q_Beck_Depression,Q,425,-0.006827016920069435,0.8883995113734132,-0.10188369084484843,0.08835319783375593,0.8887480068410464
NORM,MEMORY_ST_NORM_AudImm,BASIC_Q_CogFailure_Sum,Q,425,0.02736675136546897,0.5736910714220395,-0.06793292956964432,0.12217155173517963,0.6870951204240705
NORM,MEMORY_ST_NORM_AudImm,BASIC_Q_EHI_Sum,Q,425,0.06288408391164384,0.19571676929356566,-0.032432757243792874,0.1570673896677557,0.2879832462462466
NORM,MEMORY_ST_NORM_AudImm,BASIC_Q_IPAQ_MET,Q,425,0.10063244098528167,0.0381027498762214,0.005562853358223362,0.19389918970123698,0.08009353545409804
NORM,MEMORY_ST_NORM_AudImm,BASIC_Q_MOCA_SUM,Q,425,-0.08656630743112129,0.07463483660140058,-0.18020525707467427,0.008627573468672111,0.13977069399898653
NORM,MEMORY_ST_NORM_AudImm,BASIC_Q_MSPSS_Sum,Q,425,0.09603429623513393,0.047867600369327315,0.0009198614945585459,0.18942671058346547,0.09860725676081428
NORM,MEMORY_ST_NORM_AudImm,BASIC_Q_PSQI_DaytimeDysfunc,Q,425,-0.01178611489483571,0.808571119656397,-0.10678922815259945,0.08343025888811348,0.8611951145292883
NORM,MEMORY_ST_NORM_AudImm,BASIC_Q_PSQI_SleepDisturbance,Q,425,-0.006805558825491817,0.8887480068410464,-0.1018624544583339,0.08837448936915038,0.8887480068410464
NORM,MEMORY_ST_NORM_AudImm,BASIC_Q_PSQI_SleepDuration,Q,425,-0.05552551681650818,0.2533717694444238,-0.149856848920815,0.03980757435510303,0.3624623923996618
NORM,MEMORY_ST_NORM_AudImm,BASIC_Q_PSQI_SleepEfficiency,Q,425,0.08828255960221557,0.06903619118005823,-0.006898207111762714,0.18187804234861504,0.13379426738104844
NORM,MEMORY_ST_NORM_AudImm,BASIC_Q_PSQI_SleepLatency,Q,425,0.119530574963099,0.013671729816546564,0.024688447040110292,0.21224022278778026,0.037057583450113056
NORM,MEMORY_ST_NORM_AudImm,BASIC_Q_PSQI_SleepMedication,Q,425,0.16889359881839597,0.00047100198468720767,0.07497528694111154,0.2598419103726365,0.0019405281769112957
NORM,MEMORY_ST_NORM_AudImm,BASIC_Q_PSQI_SleepQuality,Q,423,0.05277750850323434,0.27880131585930673,-0.04278547690738073,0.14738352300405094,0.3880612909933594
NORM,MEMORY_ST_NORM_AudImm,BASIC_Q_PSQI_Sum,Q,425,0.1018112764933292,0.03589044803622239,0.006753846921770564,0.1950451840121338,0.08009353545409804
NORM,MEMORY_ST_NORM_AudImm,BASIC_Q_SF36_EmotionalLimit,Q,425,-0.023359016900826046,0.6310811133594828,-0.11821917446121186,0.07192363341029616,0.727152585179133
NORM,MEMORY_ST_NORM_AudImm,BASIC_Q_SF36_EmotionalWell,Q,425,0.03652116409212527,0.4526910486836664,-0.058805965367066726,0.1311882542469166,0.5902174432204764
NORM,MEMORY_ST_NORM_AudImm,BASIC_Q_SF36_Energy,Q,425,0.0690809944611661,0.15512914730598426,-0.026214100845670243,0.16313186331244228,0.2384821219778564
NORM,MEMORY_ST_NORM_AudImm,BASIC_Q_SF36_GeneralHealth,Q,425,0.022694817816644598,0.6408234350439005,-0.07258471546417931,0.11756385921536938,0.727152585179133
NORM,MEMORY_ST_NORM_AudImm,BASIC_Q_SF36_Mental,Q,425,0.02005469605707084,0.6801474184704164,-0.07521161983715875,0.11495823260690685,0.7532815494887407
NORM,MEMORY_ST_NORM_AudImm,BASIC_Q_SF36_Pain,Q,425,-0.053636064470693835,0.2699083996478111,-0.14800378471750497,0.04169952484195054,0.3808296597770485
NORM,MEMORY_ST_NORM_AudImm,BASIC_Q_SF36_Physical,Q,425,-0.047239717862081754,0.33127645680532936,-0.14172570037966303,0.048099257533693776,0.44896677698617005
NORM,MEMORY_ST_NORM_AudImm,BASIC_Q_SF36_PhysicalFunct,Q,424,-0.11026900170448203,0.023158874559259555,-0.2033683933062034,-0.01519349613208842,0.05547358324659847
NORM,MEMORY_ST_NORM_AudImm,BASIC_Q_SF36_PhysicalLimit,Q,425,-0.03088063787822795,0.5254955029467268,-0.12563443025608992,0.06443146430396068,0.6443575809942006
NORM,MEMORY_ST_NORM_AudImm,BASIC_Q_SF36_SocialFunc,Q,425,-0.007114052267756358,0.8837399361036057,-0.10216775217247105,0.08806838211060822,0.8887480068410464
NORM,MEMORY_ST_NORM_AudImm,LANGUAGE_ST_RAW_SIMILARITY,ST,425,-0.1328041825754764,0.006108122321068164,-0.2250836042435734,-0.03816345270744889,0.017975331407784595
NORM,MEMORY_ST_NORM_AudImm,LANGUAGE_ST_RAW_VOCABULARY,ST,425,-0.11477730593176184,0.017930343386185023,-0.20763321603024706,-0.019871423273605457,0.04504452118968432
NORM,MEMORY_ST_NORM_AudImm,LANGUAGE_ST_RAW_INFORMATION,ST,425,-0.25837639049810796,6.557579698701972e-08,-0.3450195127145693,-0.16736701482021193,1.1257178482771719e-06
NORM,MEMORY_ST_NORM_AudImm,LANGUAGE_ST_RAW_SUM,ST,425,-0.18295458435790826,0.00014904442218124169,-0.2733207770768141,-0.0893873692532676,0.0007675787742333947
NORM,MEMORY_ST_NORM_AudImm,LANGUAGE_ST_SCALED_SIMILARITY,ST,425,-0.13280418257040252,0.0061081223230335996,-0.2250836042386701,-0.038163452702291434,0.017975331407784595
NORM,MEMORY_ST_NORM_AudImm,LANGUAGE_ST_SCALED_VOCABULARY,ST,425,-0.11477730594231912,0.017930343375566447,-0.20763321604048407,-0.019871423284299437,0.04504452118968432
NORM,MEMORY_ST_NORM_AudImm,LANGUAGE_ST_SCALED_INFORMATION,ST,425,-0.25837639050375555,6.557579694230317e-08,-0.34501951271990056,-0.16736701482609403,1.1257178482771719e-06
NORM,MEMORY_ST_NORM_AudImm,LANGUAGE_ST_SCALED_SUM,ST,425,-0.2062299276327897,1.8260130788412186e-05,-0.2955548145612252,-0.11333031054848414,0.0001567327892672046
NORM,MEMORY_ST_NORM_AudImm,LANGUAGE_ST_NORM_SIMILARITY,ST,425,-0.018008619023826285,0.7112380948221246,-0.11293799047698076,0.07724654442288498,0.7793353592199878
NORM,MEMORY_ST_NORM_AudImm,LANGUAGE_ST_NORM_VOCABULARY,ST,425,-0.04163834117852979,0.39186522832188964,-0.13622163807438392,0.05369717803013586,0.5241833573656446
NORM,MEMORY_ST_NORM_AudImm,LANGUAGE_ST_NORM_INFORMATION,ST,425,-0.15634308279037457,0.0012227964189677938,-0.24778097202771884,-0.0621444446736396,0.004062839714634927
NORM,MEMORY_ST_NORM_AudImm,LANGUAGE_ST_NORM_PR,ST,425,-0.07055216942760982,0.1465025972064321,-0.16457055399509468,0.02473667918392676,0.22863284109488646
NORM,MEMORY_ST_NORM_AudImm,MEMORY_ST_NORM_ImmMem,ST,425,0.020106542648211895,0.6793663244176213,-0.07516004553373014,0.11500941435784905,0.7532815494887407
NORM,MEMORY_ST_NORM_AudImm,MEMORY_ST_SCALED_AudImm,ST,425,-0.22692507038477128,2.287624559872562e-06,-0.3152431462707334,-0.13471005103855896,2.3562532966687387e-05
NORM,MEMORY_ST_NORM_AudImm,MEMORY_ST_SCALED_VisImm,ST,425,-0.02520623116302914,0.6043245371980599,-0.1200412474019423,0.07008464769803785,0.7154646819701169
NORM,MEMORY_ST_NORM_AudImm,MEMORY_ST_SCALED_ImmMem,ST,425,-0.16622440770801877,0.0005802595956418693,-0.2572792140725132,-0.0722438710980083,0.002298720705812021
NORM,MEMORY_ST_NORM_AudImm,MEMORY_ST_SCALED_WorMem,ST,425,-0.19925100495779077,3.516877241813174e-05,-0.28889826119939177,-0.10613987026531009,0.0002263989724417231
NORM,MEMORY_ST_NORM_AudImm,MEMORY_ST_RAW_AudImm,ST,425,-0.2431522572123729,3.8892108387414025e-07,-0.33062789241277024,-0.1515343068869359,5.722695948433779e-06
NORM,MEMORY_ST_NORM_AudImm,MEMORY_ST_RAW_VisImm,ST,425,-0.031475761313363784,0.5175421689632874,-0.12622068625965335,0.06383821208811677,0.6443575809942006
NORM,MEMORY_ST_NORM_AudImm,MEMORY_ST_RAW_ImmMem,ST,425,-0.16003532714556873,0.0009300983079123632,-0.2513321321900867,-0.06591592855299412,0.0035481528042582747
NORM,MEMORY_ST_NORM_AudImm,MEMORY_ST_RAW_WorMem,ST,425,-0.2068372268832147,1.722947176179895e-05,-0.29613365160640187,-0.11395647644642468,0.0001567327892672046
NORM,MEMORY_ST_NORM_AudImm,MEMORY_ST_RAW_LogMemI,ST,425,-0.23903405414221462,6.171966266239155e-07,-0.3267278847190824,-0.14725954467776087,7.063472506906532e-06
NORM,MEMORY_ST_NORM_AudImm,MEMORY_ST_RAW_FacI,ST,425,-0.07494358565085431,0.12292267510079426,-0.16886262761853546,0.02032413974811064,0.2042102507665847
NORM,MEMORY_ST_NORM_AudImm,MEMORY_ST_RAW_VerPairI,ST,425,-0.17746218861976654,0.00023606020722898838,-0.2680599842999893,-0.08375316350503446,0.0011051909702084455
NORM,MEMORY_ST_NORM_AudImm,MEMORY_ST_RAW_FamPicI,ST,425,-0.011631896086069193,0.8110284088285494,-0.1066367446298144,0.08358342326754874,0.8611951145292883
NORM,MEMORY_ST_NORM_AudImm,MEMORY_ST_RAW_LetNumSeq,ST,425,-0.15662718886147622,0.0011975707045138789,-0.24805430941875495,-0.06243455246133222,0.004062839714634927
NORM,MEMORY_ST_NORM_AudImm,MEMORY_ST_RAW_SpaForward,ST,425,-0.1752826748657682,0.0002822680546104747,-0.2659708776335791,-0.08151903543840128,0.0012114004010366425
NORM,MEMORY_ST_NORM_AudImm,MEMORY_ST_RAW_SpaBackward,ST,425,-0.19149933595340732,7.095439884140852e-05,-0.28149448139308525,-0.09816466180593587,0.00038464753056131987
NORM,MEMORY_ST_NORM_AudImm,MEMORY_ST_RAW_SpaTotal,ST,425,-0.19951057573450462,3.433555261974407e-05,-0.2891459972204748,-0.10640713388533643,0.0002263989724417231
NORM,MEMORY_ST_NORM_AudImm,MEMORY_ST_SCALED_LogMemI,ST,425,-0.23903405413939852,6.171966268170757e-07,-0.3267278847164145,-0.14725954467483887,7.063472506906532e-06
NORM,MEMORY_ST_NORM_AudImm,MEMORY_ST_SCALED_FacI,ST,425,-0.07494358562732194,0.12292267521872088,-0.16886262759554496,0.020324139771766156,0.2042102507665847
NORM,MEMORY_ST_NORM_AudImm,MEMORY_ST_SCALED_VerPairI,ST,425,-0.17746218861976656,0.00023606020722898838,-0.26805998429998934,-0.08375316350503449,0.0011051909702084455
NORM,MEMORY_ST_NORM_AudImm,MEMORY_ST_SCALED_FamPicI,ST,425,-0.011631896086069163,0.811028408828553,-0.10663674462981437,0.08358342326754876,0.8611951145292883
NORM,MEMORY_ST_NORM_AudImm,MEMORY_ST_SCALED_LetNumSeq,ST,425,-0.1566271888568959,0.0011975707049166756,-0.24805430941434836,-0.062434552456655,0.004062839714634927
NORM,MEMORY_ST_NORM_AudImm,MEMORY_ST_SCALED_SpaForward,ST,425,-0.17528267486576818,0.0002822680546104798,-0.265970877633579,-0.08151903543840125,0.0012114004010366425
NORM,MEMORY_ST_NORM_AudImm,MEMORY_ST_SCALED_SpaBackward,ST,425,-0.19149933595340737,7.095439884140852e-05,-0.2814944813930853,-0.09816466180593596,0.00038464753056131987
NORM,MEMORY_ST_NORM_AudImm,MEMORY_ST_SCALED_SpaTotal,ST,425,-0.1995105757345046,3.433555261974407e-05,-0.2891459972204748,-0.1064071338853364,0.0002263989724417231
NORM,MEMORY_ST_NORM_AudImm,MOTOR_ST_RAW_BPrestHigh,ST,423,-0.02263893550300733,0.6424357791388456,-0.11773248148200444,0.07286603070126106,0.727152585179133
NORM,MEMORY_ST_NORM_AudImm,MOTOR_ST_RAW_BPrestLow,ST,423,-0.06696234694366271,0.16923062126517058,-0.1612802996808201,0.02856772934231031,0.25633461750459663
NORM,MEMORY_ST_NORM_AudImm,MOTOR_ST_RAW_HRrest,ST,423,0.03897304601697422,0.4240068578292464,-0.056584902666203946,0.13382343929848786,0.5599064917488766
NORM,MEMORY_ST_NORM_AudImm,MOTOR_ST_RAW_HEIGHT,ST,423,-0.4674955926322319,2.35298558957958e-24,-0.5388253377016314,-0.3895101811915869,2.423575157266967e-22
NORM,MEMORY_ST_NORM_AudImm,MOTOR_ST_RAW_WEIGHT,ST,423,-0.3131530649175881,4.4587057379552656e-11,-0.39665718849745163,-0.2245088647010656,1.1481167275234809e-09
NORM,MEMORY_ST_NORM_AudImm,MOTOR_ST_RAW_BMI,ST,423,-0.08814204424163301,0.07014456736482151,-0.18196050258923063,0.007266705946543456,0.13379426738104844
NORM,MEMORY_ST_NORM_AudImm,MOTOR_ST_RAW_WHR,ST,423,-0.19853017575152898,3.9210516808187885e-05,-0.2884182730871294,-0.10517336376427058,0.00023756960183784424
NORM,MEMORY_ST_NORM_AudImm,MOTOR_ST_RAW_AerobicRating,ST,411,0.10265802202804256,0.03749248001194112,0.00598641524439489,0.1974285664033896,0.08009353545409804
NORM,MEMORY_ST_NORM_AudImm,MOTOR_ST_RAW_FunctionalReaching,ST,423,-0.2020302636206473,2.83791804372606e-05,-0.2917577791973139,-0.1087779869184075,0.00022485042961829552
NORM,MEMORY_ST_NORM_AudImm,MOTOR_ST_RAW_WorseLegEyeOpen,ST,422,-0.00791923022310853,0.8711468698014541,-0.10330183693533143,0.08760769937609311,0.8887480068410464
NORM,MEMORY_ST_NORM_AudImm,MOTOR_ST_RAW_BestLegEyeOpen,ST,422,-0.07695123661283455,0.11446598034528963,-0.1711546657730108,0.018646437083446658,0.19983044026381072
NORM,MEMORY_ST_NORM_AudImm,MOTOR_ST_RAW_WorseLegEyeClose,ST,413,-0.1312729808440672,0.007556585541762968,-0.22492014319917017,-0.035222855073124,0.021620230855599602
NORM,MEMORY_ST_NORM_AudImm,MOTOR_ST_RAW_BestLegEyeClose,ST,413,-0.1424320048973013,0.003724616270022959,-0.2356889637882532,-0.04657584459011187,0.01162531744885954
NORM,MEMORY_ST_NORM_AudImm,MOTOR_ST_RAW_PegboardDominant,ST,423,-0.08633552425388176,0.07610975008530434,-0.18019981860149553,0.009086958383770358,0.13998757604975617
NORM,MEMORY_ST_NORM_AudImm,MOTOR_ST_RAW_PegboardNondominant,ST,423,-0.024514561536141406,0.6151233784140481,-0.11958272786154081,0.07099907193894857,0.7199739542800789
NORM,MEMORY_ST_NORM_AudImm,MOTOR_ST_RAW_PegboardBoth,ST,423,-0.03435570587836506,0.48099089366763353,-0.1292798987294379,0.061192424178361925,0.6192757755970781
NORM,MEMORY_ST_NORM_AudImm,MOTOR_ST_RAW_PegboardSum,ST,423,-0.05706876525991104,0.24151327526461627,-0.1515915785104723,0.03848834400650063,0.3503643289050067
NORM,MEMORY_ST_NORM_AudImm,MOTOR_ST_RAW_PegboardAssemble,ST,423,-0.0752112346986452,0.12247267017784923,-0.1693445083072851,0.020281890914988596,0.2042102507665847
NORM,MEMORY_ST_NORM_AudImm,MOTOR_ST_RAW_SymbolSearch,ST,423,-0.15951975334116508,0.0009939472609765425,-0.251049018133302,-0.06516319522926158,0.0036563059957351383
NORM,MEMORY_ST_NORM_AudImm,MOTOR_ST_RAW_SymbolCoding,ST,423,-0.10608321044644863,0.029145544541656063,-0.19941386129760325,-0.010845227848369448,0.06671091306201277
NORM,MEMORY_ST_NORM_AudImm,MOTOR_ST_RAW_GripMvcL,ST,423,-0.36865648124178496,4.597673426651207e-15,-0.44824800165356377,-0.28326574541264843,1.5785345431502477e-13
NORM,MEMORY_ST_NORM_AudImm,MOTOR_ST_RAW_GripMvcR,ST,423,-0.42251531432987677,9.590759191512437e-20,-0.4978083588014443,-0.34090112792363253,4.939240983628905e-18
NORM,MEMORY_ST_NORM_AudImm,MOTOR_ST_NORM_BMI,ST,422,-0.00883185259362785,0.856450040396447,-0.10420469849625276,0.08670194571449535,0.8887480068410464
NORM,MEMORY_ST_NORM_AudImm,MOTOR_ST_NORM_WHR,ST,422,-0.031064822814166504,0.5245064922916325,-0.12615142492624262,0.06458740954013488,0.6443575809942006
NORM,MEMORY_ST_NORM_AudImm,MOTOR_ST_NORM_AerobicRating,ST,411,0.1295408564447449,0.008556386717298591,0.03322614759420438,0.223471670282529,0.02381913059139878
NORM,MEMORY_ST_NORM_AudImm,MOTOR_ST_NORM_FunctionalReaching,ST,422,0.07119796343114572,0.14426004411225776,-0.024428769672460115,0.16553359689845581,0.2285966852855777
NORM,MEMORY_ST_NORM_AudImm,MOTOR_ST_NORM_BestLegEyeClose,ST,413,0.10823258667420435,0.02785347428420578,0.01186014831727806,0.20261279582852135,0.0652024511652999
NORM,MEMORY_ST_NORM_AudImm,MOTOR_ST_NORM_PegboardDominant,ST,422,0.05171697941397045,0.2891621424220965,-0.04396075248833781,0.14645464211425663,0.39711600892634585
NORM,MEMORY_ST_NORM_AudImm,MOTOR_ST_NORM_PegboardNondominant,ST,422,0.08160279809552096,0.09409962963893174,-0.013966700898318345,0.17569486003369694,0.16710796297948224
NORM,MEMORY_ST_NORM_AudImm,MOTOR_ST_NORM_PegboardSum,ST,422,0.11303565674975577,0.020200032872759618,0.01776666696592826,0.20627060180736087,0.04953817585462478
NORM,MEMORY_ST_NORM_AudImm,MOTOR_ST_NORM_PegboardBoth,ST,422,0.10118032734063719,0.037738812248684035,0.005775410208992405,0.19475989157498283,0.08009353545409804
NORM,MEMORY_ST_NORM_AudImm,MOTOR_ST_NORM_PegboardAssemble,ST,422,0.06382813528359538,0.1906550218321019,-0.03182648634153212,0.15832415413027762,0.28460097461893474
NORM,MEMORY_ST_NORM_AudImm,MOTOR_ST_NORM_WaisSpeed,ST,422,0.09011234666264688,0.0643973720396278,-0.005394760424842966,0.1839903276705544,0.1275563330784935
NORM,MEMORY_ST_NORM_AudImm,MOTOR_ST_SCALED_FineMotor,ST,423,-0.07419395526664528,0.1276263091760194,-0.16835068501152936,0.021304436816431543,0.20865888643063488
NORM,MEMORY_ST_NORM_AudImm,MOTOR_ST_SCALED_Balance,ST,413,-0.08566262908797087,0.08207146944044262,-0.1806655310882112,0.010923976167250837,0.14830458512922087
NORM,MEMORY_ST_NORM_AudImm,MOTOR_ST_SCALED_ProcessingSpeed,ST,423,-0.14406476837080642,0.0029807774540054326,-0.23616838223921252,-0.04939559845705202,0.009594377430079987
NORM,MEMORY_ST_NORM_VisImm,BASIC_Q_BFI_Agreeableness,Q,425,0.005773833600086843,0.9055280476205098,-0.08939810365934545,0.10084128692764496,0.9055280476205098
NORM,MEMORY_ST_NORM_VisImm,BASIC_Q_BFI_Conscientiousness,Q,425,0.13296665495884183,0.006045477418773391,0.038328603758479754,0.22524061213535684,0.009434608698994838
NORM,MEMORY_ST_NORM_VisImm,BASIC_Q_BFI_EmotionalStability,Q,425,0.16581300152410264,0.0005990550791518046,0.07182299947234082,0.2568841081343775,0.0010115192320104241
NORM,MEMORY_ST_NORM_VisImm,BASIC_Q_BFI_Extraversion,Q,423,-0.03577956783629655,0.46298862163460935,-0.13068142808261501,0.059772024129253955,0.5419071366859632
NORM,MEMORY_ST_NORM_VisImm,BASIC_Q_BFI_Intellect,Q,425,-0.19360079894219914,5.881863878972253e-05,-0.283502691533407,-0.10032554209134441,0.00010472156973793466
NORM,MEMORY_ST_NORM_VisImm,BASIC_Q_Beck_Anxiety,Q,425,-0.05894548337412213,0.22525678642641597,-0.15320926729282724,0.036381346806032284,0.30935265335894463
NORM,MEMORY_ST_NORM_VisImm,BASIC_Q_Beck_Depression,Q,425,-0.11148495404218345,0.02152070803801139,-0.20443975615789095,-0.016537492541741278,0.032125114897321345
NORM,MEMORY_ST_NORM_VisImm,BASIC_Q_CogFailure_Sum,Q,425,0.030290482313649184,0.5334435077812706,-0.0650196977487112,0.12505300274246167,0.5972247967551182
NORM,MEMORY_ST_NORM_VisImm,BASIC_Q_EHI_Sum,Q,425,0.08724619056442019,0.07237428125662279,-0.007942563330146079,0.1808679858433812,0.10211713656756366
NORM,MEMORY_ST_NORM_VisImm,BASIC_Q_IPAQ_MET,Q,425,0.15007198157625473,0.001920309739139354,0.055744917755968675,0.24174385976798604,0.003139554017957991
NORM,MEMORY_ST_NORM_VisImm,BASIC_Q_MOCA_SUM,Q,425,-0.26885184956964897,1.800100019355442e-08,-0.35489852973600955,-0.1782885545773953,4.0306587389915334e-08
NORM,MEMORY_ST_NORM_VisImm,BASIC_Q_MSPSS_Sum,Q,425,0.023860903876533814,0.623761567970409,-0.07142404621304028,0.11871429376491083,0.6623447577417746
NORM,MEMORY_ST_NORM_VisImm,BASIC_Q_PSQI_DaytimeDysfunc,Q,425,-0.10976670613917294,0.023630988337305273,-0.20277233293284116,-0.01479838307514819,0.03477131141060633
NORM,MEMORY_ST_NORM_VisImm,BASIC_Q_PSQI_SleepDisturbance,Q,425,0.03888450442805473,0.423962230653503,-0.05644712015432311,0.13351350182512506,0.5019322960610438
NORM,MEMORY_ST_NORM_VisImm,BASIC_Q_PSQI_SleepDuration,Q,425,-0.009513141066754428,0.8449661159999415,-0.10454137752546634,0.08568723649371532,0.8532500975293528
NORM,MEMORY_ST_NORM_VisImm,BASIC_Q_PSQI_SleepEfficiency,Q,425,0.039618990955564176,0.4152550385378015,-0.05571381379600847,0.13423593761649433,0.4973403368534134
NORM,MEMORY_ST_NORM_VisImm,BASIC_Q_PSQI_SleepLatency,Q,425,0.015027824545099454,0.7573888079408586,-0.08020967204981676,0.1099934278409328,0.7960310940602903
NORM,MEMORY_ST_NORM_VisImm,BASIC_Q_PSQI_SleepMedication,Q,425,0.12087247359905964,0.012643355824858229,0.026049141944266854,0.21354008451407566,0.01915096544059408
NORM,MEMORY_ST_NORM_VisImm,BASIC_Q_PSQI_SleepQuality,Q,423,-0.053787131116360985,0.26969567918127246,-0.1483738786992007,0.04177478975865405,0.3556679559829717
NORM,MEMORY_ST_NORM_VisImm,BASIC_Q_PSQI_Sum,Q,425,0.012290462000215423,0.8005482110123248,-0.08292932870409274,0.10728786908953639,0.8245646573426946
NORM,MEMORY_ST_NORM_VisImm,BASIC_Q_SF36_EmotionalLimit,Q,425,0.12597568509264728,0.009328592710271616,0.03122704620313141,0.21848043578346643,0.014340970882954872
NORM,MEMORY_ST_NORM_VisImm,BASIC_Q_SF36_EmotionalWell,Q,425,0.1879227372730373,9.719297402101157e-05,0.09448896001133564,0.2780747813820661,0.00016684793873606983
NORM,MEMORY_ST_NORM_VisImm,BASIC_Q_SF36_Energy,Q,425,0.24396804099134162,3.5457022990077964e-07,0.15238151067892075,0.33140009903029627,7.160928172505942e-07
NORM,MEMORY_ST_NORM_VisImm,BASIC_Q_SF36_GeneralHealth,Q,425,0.052310938673374816,0.28193694847278133,-0.04302599489404205,0.14670378351710692,0.35851241595921574
NORM,MEMORY_ST_NORM_VisImm,BASIC_Q_SF36_Mental,Q,425,0.2072254821365159,1.6599764656618367e-05,0.11435683209449715,0.2965036761903367,3.108683199330349e-05
NORM,MEMORY_ST_NORM_VisImm,BASIC_Q_SF36_Pain,Q,425,-0.01267728764180348,0.7944089052760495,-0.10767028581559711,0.08254509117428992,0.8245646573426946
NORM,MEMORY_ST_NORM_VisImm,BASIC_Q_SF36_Physical,Q,425,-0.053281150724675576,0.2730951151405121,-0.14765563216451313,0.042054831580106235,0.3556679559829717
NORM,MEMORY_ST_NORM_VisImm,BASIC_Q_SF36_PhysicalFunct,Q,424,-0.19969100209944562,3.4498608208937336e-05,-0.2894219552985788,-0.10648095292834175,6.345279724143831e-05
NORM,MEMORY_ST_NORM_VisImm,BASIC_Q_SF36_PhysicalLimit,Q,425,-0.027213790153816465,0.5758355627447136,-0.12202075848376787,0.06808529677588875,0.6243269785547947
NORM,MEMORY_ST_NORM_VisImm,BASIC_Q_SF36_SocialFunc,Q,425,0.09155663874623578,0.05930948799643007,-0.003597530329045447,0.1850676983298972,0.08484551755044857
NORM,MEMORY_ST_NORM_VisImm,LANGUAGE_ST_RAW_SIMILARITY,ST,425,-0.33831772400925364,7.69588638188227e-13,-0.41992659249293957,-0.25128156476012087,2.032503332306609e-12
NORM,MEMORY_ST_NORM_VisImm,LANGUAGE_ST_RAW_VOCABULARY,ST,425,-0.20971641804975136,1.3050781341769973e-05,-0.29887701182457227,-0.11692611850931788,2.489315700374643e-05
NORM,MEMORY_ST_NORM_VisImm,LANGUAGE_ST_RAW_INFORMATION,ST,425,-0.34311035064736134,3.475371819942686e-13,-0.4243823540358309,-0.25635431009645293,9.674683714975585e-13
NORM,MEMORY_ST_NORM_VisImm,LANGUAGE_ST_RAW_SUM,ST,425,-0.3216019254208275,1.1079770064050354e-11,-0.4043548653595749,-0.23362610453869906,2.783454430724845e-11
NORM,MEMORY_ST_NORM_VisImm,LANGUAGE_ST_SCALED_SIMILARITY,ST,425,-0.3383177239918726,7.695886403879393e-13,-0.41992659247677316,-0.2512815647417325,2.032503332306609e-12
NORM,MEMORY_ST_NORM_VisImm,LANGUAGE_ST_SCALED_VOCABULARY,ST,425,-0.20971641805302088,1.3050781337624687e-05,-0.29887701182768667,-0.11692611851269105,2.489315700374643e-05
NORM,MEMORY_ST_NORM_VisImm,LANGUAGE_ST_SCALED_INFORMATION,ST,425,-0.3431103506501001,3.4753718183502434e-13,-0.42438235403837604,-0.2563543100993531,9.674683714975585e-13
NORM,MEMORY_ST_NORM_VisImm,LANGUAGE_ST_SCALED_SUM,ST,425,-0.3462339507508021,2.0547684853964512e-13,-0.42728428484978453,-0.25966305227110487,6.413368302904074e-13
NORM,MEMORY_ST_NORM_VisImm,LANGUAGE_ST_NORM_SIMILARITY,ST,425,-0.05293288649454735,0.276246956103279,-0.14731397971597532,0.04240345800082781,0.3556679559829717
NORM,MEMORY_ST_NORM_VisImm,LANGUAGE_ST_NORM_VOCABULARY,ST,425,-0.010292863677716126,0.8324397987499387,-0.10531259127742097,0.08491311132058935,0.8489237551608286
NORM,MEMORY_ST_NORM_VisImm,LANGUAGE_ST_NORM_INFORMATION,ST,425,-0.05462906190236319,0.26112784474181944,-0.1489777410588528,0.040705299748937024,0.35389694747904477
NORM,MEMORY_ST_NORM_VisImm,LANGUAGE_ST_NORM_PR,ST,425,-0.048740864902567016,0.31612378330729807,-0.14319977557319982,0.04659801844918234,0.38809131970927574
NORM,MEMORY_ST_NORM_VisImm,MEMORY_ST_NORM_ImmMem,ST,425,-0.03148936428095782,0.5173611049227596,-0.1262340857673087,0.06382465110416351,0.5855845473301564
NORM,MEMORY_ST_NORM_VisImm,MEMORY_ST_SCALED_AudImm,ST,425,-0.44837119799087066,2.076470781454677e-22,-0.5212620324353999,-0.3689857272484589,1.7823040874152645e-21
NORM,MEMORY_ST_NORM_VisImm,MEMORY_ST_SCALED_VisImm,ST,425,-0.49617155018113496,8.534133214353374e-28,-0.5646447125878131,-0.4209147283731748,1.098769651347997e-26
NORM,MEMORY_ST_NORM_VisImm,MEMORY_ST_SCALED_ImmMem,ST,425,-0.5153533015944725,3.3094718534252705e-30,-0.5819479628249702,-0.44189287843731,6.817512018056058e-29
NORM,MEMORY_ST_NORM_VisImm,MEMORY_ST_SCALED_WorMem,ST,425,-0.4967067890488874,7.343816818284023e-28,-0.5651283523618098,-0.42149900337608714,1.0805901889760776e-26
NORM,MEMORY_ST_NORM_VisImm,MEMORY_ST_RAW_AudImm,ST,425,-0.4620352382304083,7.297416256596741e-24,-0.533701825748651,-0.3837795513101347,7.516338744294643e-23
NORM,MEMORY_ST_NORM_VisImm,MEMORY_ST_RAW_VisImm,ST,425,-0.520914261198352,6.188659499075539e-31,-0.5869530792025163,-0.447989690157416,3.1871596420239026e-29
NORM,MEMORY_ST_NORM_VisImm,MEMORY_ST_RAW_ImmMem,ST,425,-0.5418708409588024,8.380925293368241e-34,-0.6057697079301011,-0.4710267432618876,8.632353052169288e-32
NORM,MEMORY_ST_NORM_VisImm,MEMORY_ST_RAW_WorMem,ST,425,-0.4984899228444494,4.443780038447876e-28,-0.566739245934153,-0.4234459503572415,7.628489066002186e-27
NORM,MEMORY_ST_NORM_VisImm,MEMORY_ST_RAW_LogMemI,ST,425,-0.42368459114948365,6.075373261051112e-20,-0.4987084410814488,-0.3423595558411557,3.2934918223996554e-19
NORM,MEMORY_ST_NORM_VisImm,MEMORY_ST_RAW_FacI,ST,425,-0.5184052516279741,1.3237095304268514e-30,-0.5846954813357954,-0.44523807330448695,3.408552058095307e-29
NORM,MEMORY_ST_NORM_VisImm,MEMORY_ST_RAW_VerPairI,ST,425,-0.37910560543805943,5.649262728870743e-16,-0.45772224615988644,-0.2946067591073446,2.0781216466917375e-15
NORM,MEMORY_ST_NORM_VisImm,MEMORY_ST_RAW_FamPicI,ST,425,-0.43284190791702154,7.80221751968426e-21,-0.5070864009073555,-0.352221123544105,4.727225908985408e-20
NORM,MEMORY_ST_NORM_VisImm,MEMORY_ST_RAW_LetNumSeq,ST,425,-0.44305758190541944,7.333933030064712e-22,-0.5164161168841309,-0.36324360769158265,5.035967349635066e-21
NORM,MEMORY_ST_NORM_VisImm,MEMORY_ST_RAW_SpaForward,ST,425,-0.34369640074984725,3.1504558774149623e-13,-0.4249269417891282,-0.2569749416599221,9.27134158210689e-13
NORM,MEMORY_ST_NORM_VisImm,MEMORY_ST_RAW_SpaBackward,ST,425,-0.35639272283238554,3.5700663417181576e-14,-0.43671059656860056,-0.27043802826915797,1.149115103740532e-13
NORM,MEMORY_ST_NORM_VisImm,MEMORY_ST_RAW_SpaTotal,ST,425,-0.406549842512704,2.3986174663154317e-18,-0.4829942425143783,-0.32395505111770756,1.074163474045656e-17
NORM,MEMORY_ST_NORM_VisImm,MEMORY_ST_SCALED_LogMemI,ST,425,-0.42368459114682183,6.075373264620723e-20,-0.49870844107901147,-0.34235955583829186,3.2934918223996554e-19
NORM,MEMORY_ST_NORM_VisImm,MEMORY_ST_SCALED_FacI,ST,425,-0.5184052516112075,1.323709537124391e-30,-0.5846954813207056,-0.44523807328610376,3.408552058095307e-29
NORM,MEMORY_ST_NORM_VisImm,MEMORY_ST_SCALED_VerPairI,ST,425,-0.3791056054380595,5.649262728870743e-16,-0.45772224615988655,-0.2946067591073446,2.0781216466917375e-15
NORM,MEMORY_ST_NORM_VisImm,MEMORY_ST_SCALED_FamPicI,ST,425,-0.4328419079170215,7.802217519684654e-21,-0.5070864009073554,-0.352221123544105,4.727225908985408e-20
NORM,MEMORY_ST_NORM_VisImm,MEMORY_ST_SCALED_LetNumSeq,ST,425,-0.44305758190345895,7.333933033449125e-22,-0.5164161168823421,-0.36324360768946523,5.035967349635066e-21
NORM,MEMORY_ST_NORM_VisImm,MEMORY_ST_SCALED_SpaForward,ST,425,-0.34369640074984725,3.1504558774149623e-13,-0.4249269417891282,-0.2569749416599221,9.27134158210689e-13
NORM,MEMORY_ST_NORM_VisImm,MEMORY_ST_SCALED_SpaBackward,ST,425,-0.3563927228323856,3.5700663417181576e-14,-0.4367105965686007,-0.27043802826915797,1.149115103740532e-13
NORM,MEMORY_ST_NORM_VisImm,MEMORY_ST_SCALED_SpaTotal,ST,425,-0.40654984251270393,2.3986174663155427e-18,-0.4829942425143782,-0.32395505111770756,1.074163474045656e-17
NORM,MEMORY_ST_NORM_VisImm,MOTOR_ST_RAW_BPrestHigh,ST,423,0.14066451628314058,0.003744653509168351,0.04593289004542716,0.23288868481038802,0.005933835560682155
NORM,MEMORY_ST_NORM_VisImm,MOTOR_ST_RAW_BPrestLow,ST,423,0.04881841241417157,0.3165016587920307,-0.046746861023174414,0.14349814815453182,0.38809131970927574
NORM,MEMORY_ST_NORM_VisImm,MOTOR_ST_RAW_HRrest,ST,423,-0.03386238463109667,0.48731554246760106,-0.12879422651524441,0.06168445573755206,0.5577055652684767
NORM,MEMORY_ST_NORM_VisImm,MOTOR_ST_RAW_HEIGHT,ST,423,-0.4884267916173388,9.588449870669858e-27,-0.5577976340340063,-0.41227909841793914,1.0973448185322171e-25
NORM,MEMORY_ST_NORM_VisImm,MOTOR_ST_RAW_WEIGHT,ST,423,-0.32257670561525437,1.0656776792628043e-11,-0.405453865019696,-0.23443967289065099,2.7441200241017207e-11
NORM,MEMORY_ST_NORM_VisImm,MOTOR_ST_RAW_BMI,ST,423,-0.09276933042761788,0.05659178387239703,-0.18646764045057665,0.0026013592589130418,0.08209793998389991
NORM,MEMORY_ST_NORM_VisImm,MOTOR_ST_RAW_WHR,ST,423,0.04756430252528968,0.329108585438233,-0.04800106910413942,0.14226678169392207,0.3988021682369176
NORM,MEMORY_ST_NORM_VisImm,MOTOR_ST_RAW_AerobicRating,ST,411,0.27017337177388934,2.630671415276019e-08,0.17809672598401755,0.35755989921418635,5.765088420711275e-08
NORM,MEMORY_ST_NORM_VisImm,MOTOR_ST_RAW_FunctionalReaching,ST,423,-0.42089225476896,1.3667669320161298e-19,-0.49632198727891425,-0.33915524814533665,7.038849699883068e-19
NORM,MEMORY_ST_NORM_VisImm,MOTOR_ST_RAW_WorseLegEyeOpen,ST,422,-0.26188417532221026,4.7773492687989804e-08,-0.34862926713039616,-0.17069068172945587,1.0042183156863163e-07
NORM,MEMORY_ST_NORM_VisImm,MOTOR_ST_RAW_BestLegEyeOpen,ST,422,-0.19249261808948917,6.895643164077883e-05,-0.2827575133654511,-0.09884830276769538,0.00012038156710169865
NORM,MEMORY_ST_NORM_VisImm,MOTOR_ST_RAW_WorseLegEyeClose,ST,413,-0.2964134473120218,8.037075710328332e-10,-0.3819839422189268,-0.20580370378862944,1.881406359463223e-09
NORM,MEMORY_ST_NORM_VisImm,MOTOR_ST_RAW_BestLegEyeClose,ST,413,-0.3934894731912695,9.56858142833556e-17,-0.472061472827592,-0.3087151685256849,3.7906303350713944e-16
NORM,MEMORY_ST_NORM_VisImm,MOTOR_ST_RAW_PegboardDominant,ST,423,-0.2641935748972275,3.470264731088878e-08,-0.3507068630890471,-0.1732090740221153,7.44660973546155e-08
NORM,MEMORY_ST_NORM_VisImm,MOTOR_ST_RAW_PegboardNondominant,ST,423,-0.23916642161753113,6.465085716397884e-07,-0.3270559299455025,-0.14717491316986914,1.2805842861326579e-06
NORM,MEMORY_ST_NORM_VisImm,MOTOR_ST_RAW_PegboardBoth,ST,423,-0.2772473919591307,6.65778865995739e-09,-0.36299922513701866,-0.1868387757007225,1.5238938488346915e-08
NORM,MEMORY_ST_NORM_VisImm,MOTOR_ST_RAW_PegboardSum,ST,423,-0.30319696650296024,1.9163942806084338e-10,-0.3873467886693149,-0.2140369069072699,4.590432811689969e-10
NORM,MEMORY_ST_NORM_VisImm,MOTOR_ST_RAW_PegboardAssemble,ST,423,-0.40662338971733786,2.836610556927314e-18,-0.48323573180130713,-0.3238308242419088,1.2173786973479722e-17
NORM,MEMORY_ST_NORM_VisImm,MOTOR_ST_RAW_SymbolSearch,ST,423,-0.4476992596900813,3.057125290477131e-22,-0.5208148704843119,-0.3680631219217846,2.4221838839934194e-21
NORM,MEMORY_ST_NORM_VisImm,MOTOR_ST_RAW_SymbolCoding,ST,423,-0.4156141752867186,4.268233295529015e-19,-0.4914853487175851,-0.33348165563404125,2.0934668068547074e-18
NORM,MEMORY_ST_NORM_VisImm,MOTOR_ST_RAW_GripMvcL,ST,423,-0.35964220170383415,2.3167458937682046e-14,-0.4399050747946533,-0.27367927136218756,7.954160901937503e-14
NORM,MEMORY_ST_NORM_VisImm,MOTOR_ST_RAW_GripMvcR,ST,423,-0.3772578234974785,9.3653421060808e-16,-0.45619583871263414,-0.29242900758368484,3.3263111618149047e-15
NORM,MEMORY_ST_NORM_VisImm,MOTOR_ST_NORM_BMI,ST,422,-0.053713408228425574,0.27092400235599184,-0.1484131174104386,0.0419624554284806,0.3556679559829717
NORM,MEMORY_ST_NORM_VisImm,MOTOR_ST_NORM_WHR,ST,422,-0.14338616101655843,0.0031565996965049687,-0.23562173157258967,-0.04859055572700922,0.005080152636562684
NORM,MEMORY_ST_NORM_VisImm,MOTOR_ST_NORM_AerobicRating,ST,411,0.25593788692248326,1.4348085091364894e-07,0.16324839737666666,0.34414879963839035,2.955705528821168e-07
NORM,MEMORY_ST_NORM_VisImm,MOTOR_ST_NORM_FunctionalReaching,ST,422,-0.04984005338633844,0.30704400838434226,-0.14461272019058205,0.04583873696186596,0.385677230043747
NORM,MEMORY_ST_NORM_VisImm,MOTOR_ST_NORM_BestLegEyeClose,ST,413,0.19632672543807692,5.896942761941952e-05,0.10175820845755404,0.2873786986454647,0.00010472156973793466
NORM,MEMORY_ST_NORM_VisImm,MOTOR_ST_NORM_PegboardDominant,ST,422,0.026842826463292085,0.582397577503059,-0.06879415443234448,0.12199093297092407,0.6248640675293237
NORM,MEMORY_ST_NORM_VisImm,MOTOR_ST_NORM_PegboardNondominant,ST,422,0.02943349753896311,0.546522719816049,-0.06621324496107445,0.12454426060871622,0.598849363202692
NORM,MEMORY_ST_NORM_VisImm,MOTOR_ST_NORM_PegboardSum,ST,422,0.029809407719743976,0.5414092883849181,-0.0658386448471814,0.12491464757926389,0.598849363202692
NORM,MEMORY_ST_NORM_VisImm,MOTOR_ST_NORM_PegboardBoth,ST,422,0.035266641541839415,0.46995898432383865,-0.06039739135088356,0.13028871472764658,0.5438851166893863
NORM,MEMORY_ST_NORM_VisImm,MOTOR_ST_NORM_PegboardAssemble,ST,422,-0.07473655336490467,0.1253062725263962,-0.16899159941404399,0.020873063845156574,0.17441278473268662
NORM,MEMORY_ST_NORM_VisImm,MOTOR_ST_NORM_WaisSpeed,ST,422,0.16564496621005126,0.0006347335971210123,0.0713118911682015,0.2570411811628678,0.00105447678231394
NORM,MEMORY_ST_NORM_VisImm,MOTOR_ST_SCALED_FineMotor,ST,423,-0.3989837542419322,1.3565526887476566e-17,-0.47621517296037885,-0.3156438532408014,5.588997077640346e-17
NORM,MEMORY_ST_NORM_VisImm,MOTOR_ST_SCALED_Balance,ST,413,-0.31742387701393915,4.034912389049216e-11,-0.40161851513559993,-0.2279084596518008,9.895142287430222e-11
NORM,MEMORY_ST_NORM_VisImm,MOTOR_ST_SCALED_ProcessingSpeed,ST,423,-0.46221740585357035,8.886460626139541e-24,-0.5340296731504154,-0.38378358974695376,8.320958586294298e-23
NORM,MEMORY_ST_NORM_WorMem,BASIC_Q_BFI_Agreeableness,Q,425,0.030299160077723354,0.5333262016499851,-0.0650110487276694,0.12506155263907467,0.6242340769312326
NORM,MEMORY_ST_NORM_WorMem,BASIC_Q_BFI_Conscientiousness,Q,425,0.17365650428687476,0.0003221043173837799,0.0798527298072877,0.26441160615225207,0.000737260993122874
NORM,MEMORY_ST_NORM_WorMem,BASIC_Q_BFI_EmotionalStability,Q,425,0.16204172054080326,0.0007996315159760404,0.06796650964270193,0.2532608292027291,0.0016472409229106432
NORM,MEMORY_ST_NORM_WorMem,BASIC_Q_BFI_Extraversion,Q,423,0.04496753737414684,0.3562283421587602,-0.05059707993218118,0.1397161770083142,0.47040409285067053
NORM,MEMORY_ST_NORM_WorMem,BASIC_Q_BFI_Intellect,Q,425,0.02205524692259408,0.6502631775000677,-0.07322120579371706,0.1169327646573523,0.6975641283031174
NORM,MEMORY_ST_NORM_WorMem,BASIC_Q_Beck_Anxiety,Q,425,-0.06317351372847788,0.19366324328463635,-0.15735079216699696,0.032142475974757556,0.2770460285877437
NORM,MEMORY_ST_NORM_WorMem,BASIC_Q_Beck_Depression,Q,425,-0.09553649777095835,0.049040568978669985,-0.18894228417657022,-0.00041745374076111806,0.08017743817147632
NORM,MEMORY_ST_NORM_WorMem,BASIC_Q_CogFailure_Sum,Q,425,-0.1224420605002626,0.01152756925761419,-0.2150600856125402,-0.02764116037143434,0.020830519886565993
NORM,MEMORY_ST_NORM_WorMem,BASIC_Q_EHI_Sum,Q,425,0.03990784287233165,0.4118598103067909,-0.05542539782555827,0.13452002278194258,0.5230623127165843
NORM,MEMORY_ST_NORM_WorMem,BASIC_Q_IPAQ_MET,Q,425,0.06553468607657785,0.1774966106298084,-0.029773756642315498,0.1596622142569123,0.2649587086213082
NORM,MEMORY_ST_NORM_WorMem,BASIC_Q_MOCA_SUM,Q,425,-0.16161721352424196,0.0008257346827382724,-0.25285282143991655,-0.06753258721606402,0.001667660241608668
NORM,MEMORY_ST_NORM_WorMem,BASIC_Q_MSPSS_Sum,Q,425,-0.04921635008239363,0.31142027706891373,-0.14366659842150928,0.04612241428649615,0.42205642813286987
NORM,MEMORY_ST_NORM_WorMem,BASIC_Q_PSQI_DaytimeDysfunc,Q,425,-0.07723363872967569,0.11185769039632674,-0.17109946295943113,0.01802159796132168,0.1719603300122635
NORM,MEMORY_ST_NORM_WorMem,BASIC_Q_PSQI_SleepDisturbance,Q,425,0.03938308308849243,0.41804013652522753,-0.05594935381977048,0.13400391125841518,0.5230623127165843
NORM,MEMORY_ST_NORM_WorMem,BASIC_Q_PSQI_SleepDuration,Q,425,0.056429822557842846,0.24571122332037282,-0.038901831049337705,0.15074350459760125,0.3374434133599787
NORM,MEMORY_ST_NORM_WorMem,BASIC_Q_PSQI_SleepEfficiency,Q,425,0.010322488647979194,0.8319646847048808,-0.08488369675413573,0.10534189070637962,0.8484392329168587
NORM,MEMORY_ST_NORM_WorMem,BASIC_Q_PSQI_SleepLatency,Q,425,-0.023048339538437004,0.6356302438500464,-0.11791266277584374,0.07223286321129298,0.6891570012268924
NORM,MEMORY_ST_NORM_WorMem,BASIC_Q_PSQI_SleepMedication,Q,425,0.07992878461062825,0.09985545655747996,-0.015310459346011534,0.1737307383582106,0.1558350306881884
NORM,MEMORY_ST_NORM_WorMem,BASIC_Q_PSQI_SleepQuality,Q,423,-0.09425678122800929,0.05272652250062351,-0.1879156321403014,0.0011007915460335253,0.08485674714944097
NORM,MEMORY_ST_NORM_WorMem,BASIC_Q_PSQI_Sum,Q,425,0.001890534401683048,0.9690023156602893,-0.09324907258423247,0.09699592905876862,0.9722944732538134
NORM,MEMORY_ST_NORM_WorMem,BASIC_Q_SF36_EmotionalLimit,Q,425,0.0981483348675305,0.04314479525726771,0.003054009829980354,0.1914834546956381,0.07178517077643536
NORM,MEMORY_ST_NORM_WorMem,BASIC_Q_SF36_EmotionalWell,Q,425,0.14774793674532427,0.002260327835999624,0.05337524555643898,0.2395047264237066,0.004311366057554839
NORM,MEMORY_ST_NORM_WorMem,BASIC_Q_SF36_Energy,Q,425,0.21346444997928543,9.038258885310798e-06,0.12079438379832082,0.30244601721281184,2.8210323187485216e-05
NORM,MEMORY_ST_NORM_WorMem,BASIC_Q_SF36_GeneralHealth,Q,425,0.025199725479706104,0.6044178754367306,-0.07009112553807557,0.12003483138447099,0.6766852301085137
NORM,MEMORY_ST_NORM_WorMem,BASIC_Q_SF36_Mental,Q,425,0.16785969230176903,0.0005108299418005366,0.0739171105360135,0.2588494064185907,0.001119478383094793
NORM,MEMORY_ST_NORM_WorMem,BASIC_Q_SF36_Pain,Q,425,-0.035339500071309225,0.4674564605581688,-0.1300252457720238,0.05998498278446698,0.5598606446219929
NORM,MEMORY_ST_NORM_WorMem,BASIC_Q_SF36_Physical,Q,425,-0.03909156880530149,0.42149681510171355,-0.13371717907281291,0.056240398897474855,0.5230623127165843
NORM,MEMORY_ST_NORM_WorMem,BASIC_Q_SF36_PhysicalFunct,Q,424,-0.13071640136399737,0.007033733163085716,-0.22317322571016535,-0.03592860917779683,0.012937044924961227
NORM,MEMORY_ST_NORM_WorMem,BASIC_Q_SF36_PhysicalLimit,Q,425,-0.001689661986453144,0.9722944732538134,-0.09679694198079251,0.09344819524183516,0.9722944732538134
NORM,MEMORY_ST_NORM_WorMem,BASIC_Q_SF36_SocialFunc,Q,425,0.06438444508611774,0.18524246298748534,-0.030927807868643124,0.15853633792984964,0.2687320237705773
NORM,MEMORY_ST_NORM_WorMem,LANGUAGE_ST_RAW_SIMILARITY,ST,425,-0.1638943361623099,0.0006944022271561469,-0.25504105970588925,-0.06986063228477099,0.0014596618267386544
NORM,MEMORY_ST_NORM_WorMem,LANGUAGE_ST_RAW_VOCABULARY,ST,425,0.017302209144356227,0.7220875027877631,-0.07794891965968863,0.1122403178005021,0.7512627554256525
NORM,MEMORY_ST_NORM_WorMem,LANGUAGE_ST_RAW_INFORMATION,ST,425,-0.027080352623406457,0.5777094099615874,-0.12188920862471705,0.06821821248814153,0.6538908706446062
NORM,MEMORY_ST_NORM_WorMem,LANGUAGE_ST_RAW_SUM,ST,425,-0.04779895023943772,0.32557769778574847,-0.14227489647982802,0.047540041204382565,0.43551302431080635
NORM,MEMORY_ST_NORM_WorMem,LANGUAGE_ST_SCALED_SIMILARITY,ST,425,-0.1638943361416545,0.0006944022282543114,-0.25504105968604435,-0.06986063226364903,0.0014596618267386544
NORM,MEMORY_ST_NORM_WorMem,LANGUAGE_ST_SCALED_VOCABULARY,ST,425,0.01730220916118089,0.722087502528685,-0.07794891964296119,0.1122403178171198,0.7512627554256525
NORM,MEMORY_ST_NORM_WorMem,LANGUAGE_ST_SCALED_INFORMATION,ST,425,-0.02708035262159949,0.5777094099869822,-0.12188920862293563,0.0682182124899414,0.6538908706446062
NORM,MEMORY_ST_NORM_WorMem,LANGUAGE_ST_SCALED_SUM,ST,425,-0.05861818121033182,0.22784723781481026,-0.15288852357645524,0.03670934517140699,0.3214830889715816
NORM,MEMORY_ST_NORM_WorMem,LANGUAGE_ST_NORM_SIMILARITY,ST,425,0.06442239326333062,0.18498300430846426,-0.03088973803925289,0.15857348618633746,0.2687320237705773
NORM,MEMORY_ST_NORM_WorMem,LANGUAGE_ST_NORM_VOCABULARY,ST,425,0.17503689136610762,0.00028797840299653777,0.08126715219691195,0.2657352358697578,0.000674131261560077
NORM,MEMORY_ST_NORM_WorMem,LANGUAGE_ST_NORM_INFORMATION,ST,425,0.18575932939668396,0.00011724141264851896,0.0922668425855808,0.27600516834324723,0.0002808340814604059
NORM,MEMORY_ST_NORM_WorMem,LANGUAGE_ST_NORM_PR,ST,425,0.17048772632582462,0.0004152117489477133,0.07660724953434567,0.2613718249427387,0.0009297132639481406
NORM,MEMORY_ST_NORM_WorMem,MEMORY_ST_NORM_ImmMem,ST,425,0.08268722492839105,0.08865476761760445,-0.012534199837700348,0.17642242206495212,0.14048370868635782
NORM,MEMORY_ST_NORM_WorMem,MEMORY_ST_SCALED_AudImm,ST,425,-0.3058346306761711,1.1841145242558248e-10,-0.3896226224184423,-0.2170254670070088,8.13091973322333e-10
NORM,MEMORY_ST_NORM_WorMem,MEMORY_ST_SCALED_VisImm,ST,425,-0.28106322453414134,3.713413365270762e-09,-0.3663904196546055,-0.19104816093268195,2.249891627193462e-08
NORM,MEMORY_ST_NORM_WorMem,MEMORY_ST_SCALED_ImmMem,ST,425,-0.3274968003187895,4.406739454433855e-12,-0.4098517617777153,-0.2398457389866048,5.294702911824421e-11
NORM,MEMORY_ST_NORM_WorMem,MEMORY_ST_SCALED_WorMem,ST,425,-0.35197694900507015,7.69901144781783e-14,-0.4326153714896391,-0.2657517581733934,6.443653808115467e-12
NORM,MEMORY_ST_NORM_WorMem,MEMORY_ST_RAW_AudImm,ST,425,-0.3081339353691744,8.455251986517822e-11,-0.39177366205202985,-0.21944310096594583,6.220649675795255e-10
NORM,MEMORY_ST_NORM_WorMem,MEMORY_ST_RAW_VisImm,ST,425,-0.2893718177054913,1.2130295695614525e-09,-0.37419462344847504,-0.1997471949940352,7.80887785405185e-09
NORM,MEMORY_ST_NORM_WorMem,MEMORY_ST_RAW_ImmMem,ST,425,-0.3314535348020728,2.3466913270661396e-12,-0.41353801483299213,-0.24402449682829774,4.8341841337562476e-11
NORM,MEMORY_ST_NORM_WorMem,MEMORY_ST_RAW_WorMem,ST,425,-0.34915074471841445,1.251194914197178e-13,-0.4299925787777055,-0.2627545667451145,6.443653808115467e-12
NORM,MEMORY_ST_NORM_WorMem,MEMORY_ST_RAW_LogMemI,ST,425,-0.27044524608499276,1.4714853162085681e-08,-0.35639952106826867,-0.17995176084831804,7.976999345762238e-08
NORM,MEMORY_ST_NORM_WorMem,MEMORY_ST_RAW_FacI,ST,425,-0.23831338940440122,6.685748471663005e-07,-0.32604509589615155,-0.14651183519085872,2.2954403086042985e-06
NORM,MEMORY_ST_NORM_WorMem,MEMORY_ST_RAW_VerPairI,ST,425,-0.2694511829551117,1.6689226487818266e-08,-0.35546315828024855,-0.17891408519647717,8.185668229739435e-08
NORM,MEMORY_ST_NORM_WorMem,MEMORY_ST_RAW_FamPicI,ST,425,-0.2569817644823608,7.756449318162448e-08,-0.34370284303069,-0.16591468377267257,3.0727472298874315e-07
NORM,MEMORY_ST_NORM_WorMem,MEMORY_ST_RAW_LetNumSeq,ST,425,-0.3265209392254968,5.1404882526987045e-12,-0.40894219659064596,-0.2388156186878107,5.294702911824421e-11
NORM,MEMORY_ST_NORM_WorMem,MEMORY_ST_RAW_SpaForward,ST,425,-0.20137029066795903,2.8889877811588843e-05,-0.2909205700443442,-0.10832235834449752,7.439143536484126e-05
NORM,MEMORY_ST_NORM_WorMem,MEMORY_ST_RAW_SpaBackward,ST,425,-0.2058769175741602,1.888585148803656e-05,-0.2952183188285485,-0.11296636762382865,5.4034519535215716e-05
NORM,MEMORY_ST_NORM_WorMem,MEMORY_ST_RAW_SpaTotal,ST,425,-0.26640834120053064,2.4459013841090828e-08,-0.35259586468310977,-0.17573899630918882,1.0496993440134813e-07
NORM,MEMORY_ST_NORM_WorMem,MEMORY_ST_SCALED_LogMemI,ST,425,-0.27044524608656245,1.4714853159154343e-08,-0.3563995210697471,-0.17995176084995673,7.976999345762238e-08
NORM,MEMORY_ST_NORM_WorMem,MEMORY_ST_SCALED_FacI,ST,425,-0.23831338941025262,6.685748467329151e-07,-0.3260450959016958,-0.14651183519692929,2.2954403086042985e-06
NORM,MEMORY_ST_NORM_WorMem,MEMORY_ST_SCALED_VerPairI,ST,425,-0.2694511829551118,1.6689226487817796e-08,-0.35546315828024855,-0.17891408519647722,8.185668229739435e-08
NORM,MEMORY_ST_NORM_WorMem,MEMORY_ST_SCALED_FamPicI,ST,425,-0.2569817644823608,7.756449318162448e-08,-0.34370284303069,-0.16591468377267257,3.0727472298874315e-07
NORM,MEMORY_ST_NORM_WorMem,MEMORY_ST_SCALED_LetNumSeq,ST,425,-0.3265209392116565,5.1404882639072045e-12,-0.4089421965777447,-0.23881561867320228,5.294702911824421e-11
NORM,MEMORY_ST_NORM_WorMem,MEMORY_ST_SCALED_SpaForward,ST,425,-0.20137029066795903,2.8889877811588843e-05,-0.2909205700443442,-0.10832235834449752,7.439143536484126e-05
NORM,MEMORY_ST_NORM_WorMem,MEMORY_ST_SCALED_SpaBackward,ST,425,-0.20587691757416024,1.888585148803656e-05,-0.2952183188285485,-0.11296636762382868,5.4034519535215716e-05
NORM,MEMORY_ST_NORM_WorMem,MEMORY_ST_SCALED_SpaTotal,ST,425,-0.2664083412005307,2.4459013841090828e-08,-0.3525958646831098,-0.17573899630918888,1.0496993440134813e-07
NORM,MEMORY_ST_NORM_WorMem,MOTOR_ST_RAW_BPrestHigh,ST,423,0.2525750474704437,1.4024036312281696e-07,0.1611072235002496,0.3397409349547241,5.349910148759314e-07
NORM,MEMORY_ST_NORM_WorMem,MOTOR_ST_RAW_BPrestLow,ST,423,0.11235545646473585,0.020816540741307957,0.017191951172494255,0.20550163176889058,0.036726197014699674
NORM,MEMORY_ST_NORM_WorMem,MOTOR_ST_RAW_HRrest,ST,423,-0.05810728443080686,0.23304100918317536,-0.15260944762692774,0.037447871337254884,0.32436789116036574
NORM,MEMORY_ST_NORM_WorMem,MOTOR_ST_RAW_HEIGHT,ST,423,0.037304346932600756,0.4441326918598148,-0.05825052313691117,0.13218187126995243,0.5381843207242462
NORM,MEMORY_ST_NORM_WorMem,MOTOR_ST_RAW_WEIGHT,ST,423,0.03456931523769327,0.4782661867479405,-0.06097935884924794,0.12949018190956774,0.5662231866096308
NORM,MEMORY_ST_NORM_WorMem,MOTOR_ST_RAW_BMI,ST,423,0.02361276702013495,0.6281918643507042,-0.07189678279617305,0.11869321821065434,0.6891570012268924
NORM,MEMORY_ST_NORM_WorMem,MOTOR_ST_RAW_WHR,ST,423,0.2413151935908431,5.090886551199107e-07,0.14940515365650603,0.3290908728777813,1.8727189813339572e-06
NORM,MEMORY_ST_NORM_WorMem,MOTOR_ST_RAW_AerobicRating,ST,411,0.20774393167671434,2.184019358269211e-05,0.11328946301575307,0.2984770031429382,5.919841944782335e-05
NORM,MEMORY_ST_NORM_WorMem,MOTOR_ST_RAW_FunctionalReaching,ST,423,-0.19881290823626027,3.820771858869367e-05,-0.2886881152033466,-0.10546444942206289,9.598524425940117e-05
NORM,MEMORY_ST_NORM_WorMem,MOTOR_ST_RAW_WorseLegEyeOpen,ST,422,-0.2678771944032335,2.2831448727179696e-08,-0.3542783785410249,-0.1769411889478598,1.0496993440134813e-07
NORM,MEMORY_ST_NORM_WorMem,MOTOR_ST_RAW_BestLegEyeOpen,ST,422,-0.14606238881273756,0.0026318680726861157,-0.23820178969327596,-0.051317215587648936,0.004928771117939453
NORM,MEMORY_ST_NORM_WorMem,MOTOR_ST_RAW_WorseLegEyeClose,ST,413,-0.23064446558329488,2.168393242445407e-06,-0.3200183353066747,-0.1372017683728499,6.979515749121154e-06
NORM,MEMORY_ST_NORM_WorMem,MOTOR_ST_RAW_BestLegEyeClose,ST,413,-0.32997585668160506,6.01914130131555e-12,-0.4133117180060319,-0.24115838332968298,5.636105036686379e-11
NORM,MEMORY_ST_NORM_WorMem,MOTOR_ST_RAW_PegboardDominant,ST,423,-0.20576540866150694,1.9974770042123638e-05,-0.29531914699688916,-0.11262739437390282,5.560544092807391e-05
NORM,MEMORY_ST_NORM_WorMem,MOTOR_ST_RAW_PegboardNondominant,ST,423,-0.19027308304435425,8.223504859611223e-05,-0.28053133611348763,-0.09667936976953725,0.00020167166679522762
NORM,MEMORY_ST_NORM_WorMem,MOTOR_ST_RAW_PegboardBoth,ST,423,-0.2077731413289758,1.6494829110018944e-05,-0.29723244224384926,-0.11469770181469499,4.9969629362704444e-05
NORM,MEMORY_ST_NORM_WorMem,MOTOR_ST_RAW_PegboardSum,ST,423,-0.23485584211029512,1.0371163836959098e-06,-0.32297123995153665,-0.14270372099488823,3.4459028232477e-06
NORM,MEMORY_ST_NORM_WorMem,MOTOR_ST_RAW_PegboardAssemble,ST,423,-0.33065983764726653,2.998791132944771e-12,-0.41298700826999213,-0.24297250970524625,5.147924778221857e-11
NORM,MEMORY_ST_NORM_WorMem,MOTOR_ST_RAW_SymbolSearch,ST,423,-0.329019863032441,3.8904125595907275e-12,-0.41145953044973343,-0.24124019715689382,5.294702911824421e-11
NORM,MEMORY_ST_NORM_WorMem,MOTOR_ST_RAW_SymbolCoding,ST,423,-0.31143557740728484,5.756488060973965e-11,-0.39505231317961714,-0.2227009258379472,4.560909771387064e-10
NORM,MEMORY_ST_NORM_WorMem,MOTOR_ST_RAW_GripMvcL,ST,423,0.09915717659994916,0.041514627835682494,0.0038458571189926103,0.19268315149555407,0.07126677778458829
NORM,MEMORY_ST_NORM_WorMem,MOTOR_ST_RAW_GripMvcR,ST,423,0.044211619828872215,0.364379480946957,-0.051352535297211295,0.13897346040780467,0.47507704477894386
NORM,MEMORY_ST_NORM_WorMem,MOTOR_ST_NORM_BMI,ST,422,-0.023543475743651635,0.62960889010894,-0.11873731673847203,0.07207922097041143,0.6891570012268924
NORM,MEMORY_ST_NORM_WorMem,MOTOR_ST_NORM_WHR,ST,422,-0.03804041927873279,0.4357353832835328,-0.1330180824067618,0.05762955501972178,0.5342945771214748
NORM,MEMORY_ST_NORM_WorMem,MOTOR_ST_NORM_AerobicRating,ST,411,0.15331305198761336,0.0018262859353806893,0.05743374892656533,0.24639010712772477,0.0035491971951737925
NORM,MEMORY_ST_NORM_WorMem,MOTOR_ST_NORM_FunctionalReaching,ST,422,-0.07397193110155569,0.1292286868541128,-0.16824458704258155,0.021641589430899905,0.19574345214667083
NORM,MEMORY_ST_NORM_WorMem,MOTOR_ST_NORM_BestLegEyeClose,ST,413,0.11351234048536152,0.021037336154051272,0.01720448389317376,0.20773323627787965,0.036726197014699674
NORM,MEMORY_ST_NORM_WorMem,MOTOR_ST_NORM_PegboardDominant,ST,422,-0.028424136117205807,0.5603696929727446,-0.12354959847226066,0.0672189553311596,0.6485177345639629
NORM,MEMORY_ST_NORM_WorMem,MOTOR_ST_NORM_PegboardNondominant,ST,422,0.014574301373083054,0.7653044682298351,-0.08099909082190695,0.10988212568226619,0.7882636022767302
NORM,MEMORY_ST_NORM_WorMem,MOTOR_ST_NORM_PegboardSum,ST,422,-0.040321681359249816,0.40869468645333334,-0.13526174087650877,0.055352076654044166,0.5230623127165843
NORM,MEMORY_ST_NORM_WorMem,MOTOR_ST_NORM_PegboardBoth,ST,422,-0.021682980281220433,0.6569293247126445,-0.11690170899612641,0.07393074728384572,0.6975641283031174
NORM,MEMORY_ST_NORM_WorMem,MOTOR_ST_NORM_PegboardAssemble,ST,422,-0.09846613311998255,0.0432104911469805,-0.19212096440561915,-0.0030339508383300357,0.07178517077643536
NORM,MEMORY_ST_NORM_WorMem,MOTOR_ST_NORM_WaisSpeed,ST,422,0.15686529937371882,0.0012253811928553892,0.06233807880242118,0.24860329677716186,0.0024271973627712517
NORM,MEMORY_ST_NORM_WorMem,MOTOR_ST_SCALED_FineMotor,ST,423,-0.3197599594003912,1.6432518626582917e-11,-0.40282612708399573,-0.2314694045204668,1.4104578487817006e-10
NORM,MEMORY_ST_NORM_WorMem,MOTOR_ST_SCALED_Balance,ST,413,-0.3462691367740339,4.4568986164525385e-13,-0.4284493675566659,-0.25840716820003723,1.1476513937365287e-11
NORM,MEMORY_ST_NORM_WorMem,MOTOR_ST_SCALED_ProcessingSpeed,ST,423,-0.34263374570988836,4.2739739273431095e-13,-0.4241255275364996,-0.2556375749084553,1.1476513937365287e-11
