target,dropped_block,cv_mae,cv_mae_std,cv_r2,cv_pearson,test_mae,test_rmse,test_r2,test_pearson,front_cv_mae,front_cv_r2,front_test_mae,front_test_r2,delta_cv_mae,delta_cv_r2,delta_test_mae,delta_test_r2,seconds
LANGUAGE_ST_NORM_VCI,BEH,9.810211372375488,0.8590016538248322,0.06434932685017403,0.2910220794888638,10.28635025024414,12.218003273010254,0.14091575469304873,0.43313574732737964,9.759861946105955,0.0811775190876081,10.18952751159668,0.152652444439565,0.050349426269532316,-0.016828192237434078,0.09682273864746094,-0.01173668974651626,2.071653366088867
LANGUAGE_ST_NORM_VCI,EEG,9.765520668029785,0.9761446059984112,0.07482485814728579,0.314792570389796,10.204647064208984,12.204607963562012,0.1427984503996268,0.41445214203410874,9.759861946105955,0.0811775190876081,10.18952751159668,0.152652444439565,0.005658721923829546,-0.006352660940322316,0.015119552612304688,-0.009853994039938196,2.067167282104492
LANGUAGE_ST_NORM_VCI,MRI,9.755020332336425,0.9491896883268051,0.08674303179278153,0.3338818783328876,10.148468971252441,12.095115661621094,0.15811004013324337,0.4339905847163109,9.759861946105955,0.0811775190876081,10.18952751159668,0.152652444439565,-0.004841613769530184,0.005565512705173428,-0.04105854034423828,0.005457595693678374,1.791860818862915
LANGUAGE_ST_NORM_VCI,DTI,9.98289680480957,0.837835194482709,0.05516822737606304,0.29353117502431136,10.379605293273926,12.289599418640137,0.1308179446974963,0.40884585492237846,9.759861946105955,0.0811775190876081,10.18952751159668,0.152652444439565,0.22303485870361506,-0.026009291711545063,0.1900777816772461,-0.02183449974206869,2.281249761581421
LANGUAGE_ST_NORM_VCI,DL,9.708272743225098,0.9369253044921971,0.07846329531798939,0.32571697689490264,10.213698387145996,12.191389083862305,0.1446543531440495,0.4206085997087533,9.759861946105955,0.0811775190876081,10.18952751159668,0.152652444439565,-0.05158920288085689,-0.0027142237696187177,0.024170875549316406,-0.007998091295515486,2.375741720199585
LANGUAGE_ST_NORM_VCI,FC,9.749635124206543,0.9732719374742022,0.07585964669136014,0.31725304981504704,10.146692276000977,12.072175979614258,0.16130049378775768,0.43811047548693094,9.759861946105955,0.0811775190876081,10.18952751159668,0.152652444439565,-0.010226821899411931,-0.005317872396247966,-0.042835235595703125,0.008648049348192688,2.424685001373291
LANGUAGE_ST_NORM_VCI,DEMO,9.7222469329834,0.9735785214679413,0.0787643491146344,0.3198300169981501,10.129185676574707,12.095168113708496,0.15810272108016676,0.4343646510132832,9.759861946105955,0.0811775190876081,10.18952751159668,0.152652444439565,-0.03761501312255611,-0.0024131699729737083,-0.060341835021972656,0.00545027664060177,2.4886386394500732
MEMORY_ST_NORM_AudImm,BEH,9.855928039550781,0.35144992017910515,0.08063386395199754,0.32575585071686314,10.492340087890625,12.73758316040039,0.081571645211868,0.3781160539542796,9.76925220489502,0.104206567509424,10.23052215576172,0.1036042956221514,0.08667583465576101,-0.023572703557426467,0.2618179321289045,-0.022032650410283405,2.0753681659698486
MEMORY_ST_NORM_AudImm,EEG,9.743736839294433,0.33209181941513216,0.10598800253515608,0.36724849346534777,10.208788871765137,12.537579536437988,0.11018722832249406,0.412785519137389,9.76925220489502,0.104206567509424,10.23052215576172,0.1036042956221514,-0.025515365600586648,0.001781435025732081,-0.021733283996583808,0.0065829327003426585,2.161759376525879
MEMORY_ST_NORM_AudImm,MRI,9.672764587402344,0.14127970629916287,0.12077675423630688,0.38543938238580305,10.259761810302734,12.592423439025879,0.10238555540871253,0.4069487762689673,9.76925220489502,0.104206567509424,10.23052215576172,0.1036042956221514,-0.09648761749267543,0.016570186726882874,0.02923965454101385,-0.0012187402134388736,1.979696273803711
MEMORY_ST_NORM_AudImm,DTI,9.852150535583496,0.27650651969429363,0.09321845229924212,0.3458997373349336,10.1925048828125,12.383359909057617,0.13194315528241607,0.424729386118491,9.76925220489502,0.104206567509424,10.23052215576172,0.1036042956221514,0.08289833068847585,-0.010988115210181879,-0.038017272949220526,0.02833885966026467,2.3701415061950684
MEMORY_ST_NORM_AudImm,DL,9.791927528381347,0.2536912124551737,0.09875989667779377,0.3550660768609738,10.234524726867676,12.606497764587402,0.10037791231344151,0.41253284867648193,9.76925220489502,0.104206567509424,10.23052215576172,0.1036042956221514,0.02267532348632706,-0.005446670831630238,0.004002571105955255,-0.0032263833087098903,2.5064053535461426
MEMORY_ST_NORM_AudImm,FC,9.724725151062012,0.2656784258746526,0.11104017401395154,0.36911414892721456,10.24106216430664,12.572136878967285,0.10527530672914298,0.40805185174984165,9.76925220489502,0.104206567509424,10.23052215576172,0.1036042956221514,-0.04452705383300781,0.006833606504527537,0.010540008544920099,0.0016710111069915823,2.3638765811920166
MEMORY_ST_NORM_AudImm,DEMO,10.044355773925782,0.34739873560427426,0.0536232485638064,0.30947296053457507,10.245376586914062,12.818032264709473,0.06993357608718564,0.37797105909471596,9.76925220489502,0.104206567509424,10.23052215576172,0.1036042956221514,0.2751035690307617,-0.0505833189456176,0.014854431152341974,-0.033670719534965754,2.4008853435516357
MEMORY_ST_NORM_VisImm,BEH,11.011652374267578,0.7430713852694061,0.21965783643642425,0.4915059538597588,11.799528121948242,14.743840217590332,0.21509129963372564,0.5365880260936269,10.766700553894044,0.2699880045784376,11.510468482971191,0.2464666155296219,0.2449518203735348,-0.050330168142013326,0.2890596389770508,-0.03137531589589626,1.9654498100280762
MEMORY_ST_NORM_VisImm,EEG,10.760614967346191,0.6295511407653566,0.2787225674231274,0.5527907500578857,11.389649391174316,14.344403266906738,0.25704425912869233,0.5820852445697079,10.766700553894044,0.2699880045784376,11.510468482971191,0.2464666155296219,-0.006085586547852628,0.00873456284468982,-0.120819091796875,0.01057764359907043,2.1623432636260986
MEMORY_ST_NORM_VisImm,MRI,10.864882278442384,0.5760063050207351,0.25419160596927654,0.5279954394025357,11.544561386108398,14.36270809173584,0.25514695668160925,0.5840838638420797,10.766700553894044,0.2699880045784376,11.510468482971191,0.2464666155296219,0.09818172454833984,-0.015796398609161044,0.03409290313720703,0.008680341151987347,2.0969412326812744
MEMORY_ST_NORM_VisImm,DTI,10.736919403076172,0.603435317132499,0.2707920811272745,0.5448464854758622,11.593528747558594,14.565224647521973,0.23399371955742676,0.5581204764579075,10.766700553894044,0.2699880045784376,11.510468482971191,0.2464666155296219,-0.029781150817871804,0.0008040765488369073,0.08306026458740234,-0.012472895972195142,2.3262031078338623
MEMORY_ST_NORM_VisImm,DL,10.7155179977417,0.7227414473729493,0.27698882295671706,0.5494174290306214,11.538891792297363,14.428855895996094,0.2482702705982821,0.5735623810615607,10.766700553894044,0.2699880045784376,11.510468482971191,0.2464666155296219,-0.05118255615234446,0.007000818378279483,0.028423309326171875,0.0018036550686602038,2.416440010070801
MEMORY_ST_NORM_VisImm,FC,10.748329162597656,0.6626152904503058,0.27283448953308775,0.5451563200712546,11.563334465026855,14.471464157104492,0.24382407019715646,0.5691203651950913,10.766700553894044,0.2699880045784376,11.510468482971191,0.2464666155296219,-0.01837139129638743,0.0028464849546501747,0.05286598205566406,-0.00264254533246544,2.4332056045532227
MEMORY_ST_NORM_VisImm,DEMO,10.865600395202637,0.6476223361528147,0.25122385632537364,0.531722579895195,11.854430198669434,14.861330032348633,0.20253197254344146,0.5273514910609705,10.766700553894044,0.2699880045784376,11.510468482971191,0.2464666155296219,0.09889984130859375,-0.01876414825306394,0.3439617156982422,-0.04393464298618044,2.4605507850646973
MEMORY_ST_NORM_WorMem,BEH,10.047637748718262,0.3743849874687866,0.036334602683987846,0.2322694080055438,9.488515853881836,12.024139404296875,0.042150664829651574,0.22598894320661309,9.875693321228027,0.0713188722962336,9.390069961547852,0.0684934103828467,0.17194442749023509,-0.03498426961224575,0.09844589233398438,-0.02634274555319513,2.092715263366699
MEMORY_ST_NORM_WorMem,EEG,9.843498039245606,0.515473192656644,0.07728961797613192,0.3054176728348937,9.314627647399902,11.765183448791504,0.08296359065938907,0.3064261082884727,9.875693321228027,0.0713188722962336,9.390069961547852,0.0684934103828467,-0.032195281982421164,0.005970745679898318,-0.07544231414794922,0.014470180276542371,1.9591336250305176
MEMORY_ST_NORM_WorMem,MRI,9.816361045837402,0.5045544810247024,0.08135188339326341,0.3094167343051785,9.43954086303711,11.913784980773926,0.05965178462748155,0.2732995678716708,9.875693321228027,0.0713188722962336,9.390069961547852,0.0684934103828467,-0.059332275390625355,0.01003301109702981,0.04947090148925781,-0.008841625755365151,1.995218276977539
MEMORY_ST_NORM_WorMem,DTI,9.851623725891113,0.46486344983505573,0.07744115206693,0.299816809303154,9.38139820098877,11.86056900024414,0.0680336049184741,0.2821783604035483,9.875693321228027,0.0713188722962336,9.390069961547852,0.0684934103828467,-0.024069595336914773,0.006122279770696404,-0.008671760559082031,-0.0004598054643726035,2.3407630920410156
MEMORY_ST_NORM_WorMem,DL,9.867652130126952,0.47124091449640876,0.0748806303592106,0.298271141583372,9.419414520263672,11.87796688079834,0.06529741634767916,0.2789117417602742,9.875693321228027,0.0713188722962336,9.390069961547852,0.0684934103828467,-0.00804119110107493,0.003561758062976997,0.029344558715820312,-0.003195994035167543,2.397350788116455
MEMORY_ST_NORM_WorMem,FC,9.821058464050292,0.45473674311046963,0.07693428720883137,0.3009179703332422,9.388978958129883,11.854043006896973,0.06905898915921349,0.28338522828901314,9.875693321228027,0.0713188722962336,9.390069961547852,0.0684934103828467,-0.054634857177735086,0.005615414912597774,-0.00109100341796875,0.0005655787763667874,2.3467154502868652
MEMORY_ST_NORM_WorMem,DEMO,10.034030151367187,0.5675827318218759,0.06060671576405361,0.26697853162236307,9.262738227844238,11.775650978088379,0.08133110070898208,0.29906441866233774,9.875693321228027,0.0713188722962336,9.390069961547852,0.0684934103828467,0.15833683013915945,-0.010712156532179988,-0.12733173370361328,0.012837690326135381,2.464696168899536
MOTOR_ST_SCALED_FineMotor,BEH,6.409588146209717,0.34464350658030224,0.43808578637782114,0.6703454436361713,5.444052219390869,6.891682147979736,0.5293448281177966,0.7314971151822416,6.3787816047668455,0.4410639203962805,5.3488640785217285,0.5471992321656819,0.030806541442871094,-0.0029781340184593663,0.09518814086914062,-0.017854404047885297,2.026547908782959
MOTOR_ST_SCALED_FineMotor,EEG,6.400559043884277,0.29495027185549433,0.43837250082215584,0.6698731223716055,5.318175315856934,6.737231731414795,0.5502042745807749,0.7482838824972715,6.3787816047668455,0.4410639203962805,5.3488640785217285,0.5471992321656819,0.021777439117431463,-0.002691419574124665,-0.030688762664794922,0.003005042415093029,2.0668764114379883
MOTOR_ST_SCALED_FineMotor,MRI,6.303315734863281,0.2244108177673354,0.4436253172681738,0.6747715031053086,5.393682956695557,6.781034469604492,0.5443364792305183,0.7466976435074018,6.3787816047668455,0.4410639203962805,5.3488640785217285,0.5471992321656819,-0.07546586990356463,0.0025613968718932734,0.044818878173828125,-0.0028627529351635816,1.9052855968475342
MOTOR_ST_SCALED_FineMotor,DTI,6.395728588104248,0.2831413513980612,0.43932613531040865,0.6708179963898425,5.402362823486328,6.762189865112305,0.5468655073534235,0.7469390911141505,6.3787816047668455,0.4410639203962805,5.3488640785217285,0.5471992321656819,0.01694698333740252,-0.0017377850858718569,0.05349874496459961,-0.0003337248122583514,2.183474540710449
MOTOR_ST_SCALED_FineMotor,DL,6.433000946044922,0.2949825652244438,0.4317237053660987,0.6667260331284963,5.348833084106445,6.660019874572754,0.5604549685022067,0.7568527605232444,6.3787816047668455,0.4410639203962805,5.3488640785217285,0.5471992321656819,0.054219341278076705,-0.009340215030181787,-3.0994415283203125e-05,0.01325573633652477,2.403879404067993
MOTOR_ST_SCALED_FineMotor,FC,6.394861316680908,0.2768915132772949,0.4413162639494212,0.6714568490398864,5.363367080688477,6.7760419845581055,0.5450071639855593,0.7468360193714355,6.3787816047668455,0.4410639203962805,5.3488640785217285,0.5471992321656819,0.016079711914062322,0.0002523435531406881,0.014503002166748047,-0.0021920681801226305,2.445158004760742
MOTOR_ST_SCALED_FineMotor,DEMO,6.385008239746094,0.3399605356744492,0.44172599209664565,0.6735956046358844,5.305833339691162,6.778484344482422,0.5446791498819656,0.7457497773865608,6.3787816047668455,0.4410639203962805,5.3488640785217285,0.5471992321656819,0.00622663497924858,0.0006620717003651411,-0.043030738830566406,-0.0025200822837162518,2.5121967792510986
MOTOR_ST_SCALED_Balance,BEH,12.239801597595214,0.8182635780180901,0.40185128823737915,0.643207127684836,10.949675559997559,13.849459648132324,0.46357563616149067,0.6847092951831955,12.048810958862305,0.412228559572452,10.820560455322266,0.479510316410641,0.19099063873290945,-0.01037727133507288,0.12911510467529297,-0.015934680249150346,2.0367496013641357
MOTOR_ST_SCALED_Balance,EEG,11.945664024353027,0.7484212149661816,0.4214006285414764,0.6580433187912301,10.820515632629395,13.636087417602539,0.4799772085306906,0.699282813817724,12.048810958862305,0.412228559572452,10.820560455322266,0.479510316410641,-0.1031469345092777,0.009172068969024394,-4.482269287109375e-05,0.0004668921200495779,2.0584397315979004
MOTOR_ST_SCALED_Balance,MRI,12.040729141235351,0.7761303656214203,0.4100998929539214,0.649295635141028,10.785964965820312,13.585746765136719,0.4838096791221468,0.7027768371462068,12.048810958862305,0.412228559572452,10.820560455322266,0.479510316410641,-0.00808181762695348,-0.002128666618530617,-0.034595489501953125,0.004299362711505772,1.931487798690796
MOTOR_ST_SCALED_Balance,DTI,12.044279670715332,0.7375836723315483,0.41350264750258037,0.6527014922211363,10.908101081848145,13.702239990234375,0.474919446384207,0.6977966473889328,12.048810958862305,0.412228559572452,10.820560455322266,0.479510316410641,-0.0045312881469730115,0.0012740879301283425,0.0875406265258789,-0.004590870026433991,2.211230993270874
MOTOR_ST_SCALED_Balance,DL,12.015851020812988,0.6294621147174566,0.4093235156468472,0.6478788939459663,10.778081893920898,13.717568397521973,0.47374397332729457,0.6955899561218265,12.048810958862305,0.412228559572452,10.820560455322266,0.479510316410641,-0.032959938049316406,-0.002905043925604811,-0.04247856140136719,-0.005766343083346448,2.0696980953216553
MOTOR_ST_SCALED_Balance,FC,12.055747985839844,0.7393811836273745,0.41137936928642593,0.6496482231270213,10.842829704284668,13.661662101745605,0.4780247774965698,0.6977302164539998,12.048810958862305,0.412228559572452,10.820560455322266,0.479510316410641,0.0069370269775390625,-0.0008491902860260914,0.022269248962402344,-0.001485538914071216,2.255624294281006
MOTOR_ST_SCALED_Balance,DEMO,12.193569946289063,0.895406751257092,0.4021452168513311,0.6429497583947413,10.96848201751709,13.686079025268555,0.4761573077320218,0.6971343076901056,12.048810958862305,0.412228559572452,10.820560455322266,0.479510316410641,0.14475898742675852,-0.010083342721120936,0.14792156219482422,-0.003353008678619207,2.4284682273864746
MOTOR_ST_SCALED_ProcessingSpeed,BEH,7.726416015625,0.34417460169184194,0.5197174216413591,0.7357266151845641,7.833522319793701,9.59518051147461,0.512719000776793,0.7182658034723679,6.933300971984863,0.6152673430141073,7.022241592407227,0.5929489134664649,0.7931150436401371,-0.0955499213727482,0.8112807273864746,-0.08022991268967195,2.1410980224609375
MOTOR_ST_SCALED_ProcessingSpeed,EEG,6.909889507293701,0.34135451643969833,0.6186457518731172,0.7961212132212612,7.05271577835083,8.781030654907227,0.5919023614806846,0.7699422007661182,6.933300971984863,0.6152673430141073,7.022241592407227,0.5929489134664649,-0.023411464691162287,0.0033784088590098627,0.030474185943603516,-0.0010465519857802974,2.056405544281006
MOTOR_ST_SCALED_ProcessingSpeed,MRI,6.894899082183838,0.28391128605534555,0.6169657060312891,0.7948811524366021,7.01993989944458,8.7598295211792,0.5938706076263942,0.7712960193753876,6.933300971984863,0.6152673430141073,7.022241592407227,0.5929489134664649,-0.03840188980102521,0.0016983630171817365,-0.0023016929626464844,0.000921694159929265,2.0905702114105225
MOTOR_ST_SCALED_ProcessingSpeed,DTI,6.935508346557617,0.40430069104602845,0.6118503026005404,0.7914066438154586,6.912565231323242,8.572582244873047,0.6110475887114102,0.7823057022668207,6.933300971984863,0.6152673430141073,7.022241592407227,0.5929489134664649,0.002207374572753551,-0.0034170404135669408,-0.10967636108398438,0.01809867524494524,2.3049845695495605
MOTOR_ST_SCALED_ProcessingSpeed,DL,6.902928638458252,0.3252286576947164,0.6167921631327478,0.7951252243040303,7.016510486602783,8.769545555114746,0.5929691972287874,0.7703389307578945,6.933300971984863,0.6152673430141073,7.022241592407227,0.5929489134664649,-0.030372333526611506,0.0015248201186404131,-0.005731105804443359,2.0283762322437227e-05,2.425969362258911
MOTOR_ST_SCALED_ProcessingSpeed,FC,6.89703893661499,0.35225632836501686,0.6143783728293782,0.7931137128963108,7.118988513946533,8.859114646911621,0.5846121068518549,0.7657103820903176,6.933300971984863,0.6152673430141073,7.022241592407227,0.5929489134664649,-0.03626203536987305,-0.0008889701847291098,0.09674692153930664,-0.008336806614610004,2.383434772491455
MOTOR_ST_SCALED_ProcessingSpeed,DEMO,6.957596778869629,0.2420752614812014,0.6100091427052211,0.7918350681951802,7.164737224578857,8.962482452392578,0.5748621079787306,0.7585803758490018,6.933300971984863,0.6152673430141073,7.022241592407227,0.5929489134664649,0.024295806884765625,-0.005258200308886241,0.14249563217163086,-0.018086805487734336,2.5088491439819336
